-- MySQL dump 10.13  Distrib 8.0.34, for Win64 (x86_64)
--
-- Host: localhost    Database: auradb
-- ------------------------------------------------------
-- Server version	8.0.34

/*!40101 SET @OLD_CHARACTER_SET_CLIENT=@@CHARACTER_SET_CLIENT */;
/*!40101 SET @OLD_CHARACTER_SET_RESULTS=@@CHARACTER_SET_RESULTS */;
/*!40101 SET @OLD_COLLATION_CONNECTION=@@COLLATION_CONNECTION */;
/*!50503 SET NAMES utf8 */;
/*!40103 SET @OLD_TIME_ZONE=@@TIME_ZONE */;
/*!40103 SET TIME_ZONE='+00:00' */;
/*!40014 SET @OLD_UNIQUE_CHECKS=@@UNIQUE_CHECKS, UNIQUE_CHECKS=0 */;
/*!40014 SET @OLD_FOREIGN_KEY_CHECKS=@@FOREIGN_KEY_CHECKS, FOREIGN_KEY_CHECKS=0 */;
/*!40101 SET @OLD_SQL_MODE=@@SQL_MODE, SQL_MODE='NO_AUTO_VALUE_ON_ZERO' */;
/*!40111 SET @OLD_SQL_NOTES=@@SQL_NOTES, SQL_NOTES=0 */;

--
-- Table structure for table `asset_cred`
--

DROP TABLE IF EXISTS `asset_cred`;
/*!40101 SET @saved_cs_client     = @@character_set_client */;
/*!50503 SET character_set_client = utf8mb4 */;
CREATE TABLE `asset_cred` (
  `id` int NOT NULL AUTO_INCREMENT,
  `emp_id` varchar(50) NOT NULL,
  `username` varchar(50) NOT NULL,
  `password` varchar(50) NOT NULL,
  `dept` varchar(50) NOT NULL,
  PRIMARY KEY (`id`),
  UNIQUE KEY `emp_id` (`emp_id`)
) ENGINE=InnoDB AUTO_INCREMENT=3 DEFAULT CHARSET=utf8mb4 COLLATE=utf8mb4_0900_ai_ci;
/*!40101 SET character_set_client = @saved_cs_client */;

--
-- Dumping data for table `asset_cred`
--

LOCK TABLES `asset_cred` WRITE;
/*!40000 ALTER TABLE `asset_cred` DISABLE KEYS */;
INSERT INTO `asset_cred` VALUES (1,'abspl188','Karthick','aura810','IT'),(2,'test','test','Demo','IT');
/*!40000 ALTER TABLE `asset_cred` ENABLE KEYS */;
UNLOCK TABLES;

--
-- Table structure for table `asset_dashboard`
--

DROP TABLE IF EXISTS `asset_dashboard`;
/*!40101 SET @saved_cs_client     = @@character_set_client */;
/*!50503 SET character_set_client = utf8mb4 */;
CREATE TABLE `asset_dashboard` (
  `id` bigint NOT NULL AUTO_INCREMENT,
  `title` varchar(50) NOT NULL,
  PRIMARY KEY (`id`)
) ENGINE=InnoDB AUTO_INCREMENT=20 DEFAULT CHARSET=utf8mb4 COLLATE=utf8mb4_0900_ai_ci;
/*!40101 SET character_set_client = @saved_cs_client */;

--
-- Dumping data for table `asset_dashboard`
--

LOCK TABLES `asset_dashboard` WRITE;
/*!40000 ALTER TABLE `asset_dashboard` DISABLE KEYS */;
INSERT INTO `asset_dashboard` VALUES (3,'CPU'),(4,'MONITOR'),(5,'KEYBOARD'),(6,'CCTV-camera'),(7,'Amplifier'),(8,'Asset'),(11,'projector'),(14,'Software-windows'),(15,'patch-panel'),(16,'Speaker');
/*!40000 ALTER TABLE `asset_dashboard` ENABLE KEYS */;
UNLOCK TABLES;

--
-- Table structure for table `asset_it_asset`
--

DROP TABLE IF EXISTS `asset_it_asset`;
/*!40101 SET @saved_cs_client     = @@character_set_client */;
/*!50503 SET character_set_client = utf8mb4 */;
CREATE TABLE `asset_it_asset` (
  `sno` int NOT NULL AUTO_INCREMENT,
  `assetname` varchar(50) DEFAULT NULL,
  `assetID` varchar(50) DEFAULT NULL,
  `assetcat` varchar(50) DEFAULT NULL,
  `purchasedate` varchar(10) DEFAULT NULL,
  `purchasefrom` varchar(50) DEFAULT NULL,
  `manufacturer` varchar(50) DEFAULT NULL,
  `model` varchar(50) DEFAULT NULL,
  `serialno` varchar(50) DEFAULT NULL,
  `invono` varchar(255) DEFAULT NULL,
  `status` varchar(50) DEFAULT NULL,
  `warranty` varchar(50) DEFAULT NULL,
  `value` varchar(50) DEFAULT NULL,
  `dayuser` varchar(50) DEFAULT NULL,
  `nightuser` varchar(50) DEFAULT NULL,
  `givenby` varchar(50) DEFAULT NULL,
  `Dstatus` varchar(50) DEFAULT NULL,
  `Ddate` varchar(10) DEFAULT NULL,
  `description` varchar(100) DEFAULT NULL,
  PRIMARY KEY (`sno`)
) ENGINE=InnoDB AUTO_INCREMENT=647 DEFAULT CHARSET=utf8mb4 COLLATE=utf8mb4_0900_ai_ci;
/*!40101 SET character_set_client = @saved_cs_client */;

--
-- Dumping data for table `asset_it_asset`
--

LOCK TABLES `asset_it_asset` WRITE;
/*!40000 ALTER TABLE `asset_it_asset` DISABLE KEYS */;
INSERT INTO `asset_it_asset` VALUES (1,'AMPLIFIER','NONE','Asset','18/01/2018','Sonata Electronic','None','Sonato Amplifier','SONATO AMPLIFIER','226','In Use','None','5133','','','','Select Status','',''),(2,'AMPLIFIER','NONE','Asset','27/05/2023','Sonata Electronic','None','Sonato Amplifier','SONATO AMPLIFIER','1840','In Use','None','5450','','','','Select Status','',''),(3,'BATTERY-WITH-RACK','NONE','Asset','05/10/2017','Pts Technology','None','Quanta/Exide- 26 Qty','85072000','914','In Use','None','76544','','','','Select Status','',''),(4,'BATTERY-WITH-RACK','NONE','Asset','19/05/2022','Pride Power Solutions','None','12V 100 Ah Quanta','8507','NONE','In Use','None','199100','','','','Select Status','',''),(5,'BATTERY-WITH-RACK','NONE','Asset','19/05/2022','Pride Power Solutions','None','12V 100 Ah Quanta','85072000','82','In Use','None','243200','','','','Select Status','',''),(6,'BIOMATRIC-MACHINE','NONE','Asset','12/04/2022','Smart Bio Secure','None','K30 Pro  Essl1','85437099','663','In Use','None','7500','','','','Select Status','',''),(7,'BIOMATRIC-MACHINE','NONE','Asset','12/04/2022','Smart Bio Secure','None','K30 Pro  Essl2','85437099','663','In Use','None','7500','','','','Select Status','',''),(8,'BIOMATRIC-MACHINE','NONE','Asset','12/05/2023','Smart Bio Secure','None','Essl-K30 Pro','85437099','EST/24/000042','In Use','None','7500','','','','Select Status','',''),(9,'BIOMATRIC-MACHINE','NONE','Asset','12/05/2023','Smart Bio Secure','None','Essl-K30 Pro','85437099','EST/24/000042','In Use','None','7500','','','','Select Status','',''),(42,'CPU','NONE','Asset','22/05/2012','Pr Computer Castle Pvt Ltd','None','Assembled','00E04C771FB6','530','Disposed','None','12000','','','','Not Working','',''),(43,'CPU','NONE','Asset','22/05/2012','Pr Computer Castle Pvt Ltd','None','Assembled','00E04C82EA0C','530','Disposed','None','12000','','','','Not Working','',''),(44,'CPU','NONE','Asset','22/05/2012','Pr Computer Castle Pvt Ltd','None','Assembled','00FF0AF88821','530','Disposed','None','12000','','','','Not Working','',''),(45,'CPU','NONE','Asset','22/05/2012','Pr Computer Castle Pvt Ltd','None','Assembled','00FF1807E41E','530','In Use','None','12000','','','','Select Status','',''),(46,'CPU','NONE','Asset','22/05/2012','Pr Computer Castle Pvt Ltd','None','Assembled','00FF23BBFA98','530','In Use','None','12000','','','','Select Status','',''),(47,'CPU','NONE','Asset','22/05/2012','Pr Computer Castle Pvt Ltd','None','Assembled','00FF439D88D8','530','In Use','None','12000','','','','Select Status','',''),(48,'CPU','NONE','Asset','22/05/2012','Pr Computer Castle Pvt Ltd','None','Assembled','00FF8C8F4BDE','530','In Use','None','12000','','','','Select Status','',''),(49,'CPU','NONE','Asset','22/05/2012','Pr Computer Castle Pvt Ltd','None','Assembled','00FF97F018A3','530','In Use','None','12000','','','','Select Status','',''),(50,'CPU','NONE','Asset','22/05/2012','Pr Computer Castle Pvt Ltd','None','Assembled','00FF9C839EC5','530','In Use','None','12000','','','','Select Status','',''),(51,'CPU','NONE','Asset','22/05/2012','Pr Computer Castle Pvt Ltd','None','Assembled','00FFAE50EA92','530','In Use','None','12000','','','','Select Status','',''),(52,'CPU','NONE','Asset','13/08/2012','Pr Computer Castle Pvt Ltd','None','Assembled','E840F206795B','1506','In Use','None','12700','','','','Select Status','',''),(53,'CPU','NONE','Asset','13/08/2012','Pr Computer Castle Pvt Ltd','None','Assembled','ECA86BF9AA65','1506','In Use','None','12700','','','','Select Status','',''),(54,'CPU','NONE','Asset','13/08/2012','Pr Computer Castle Pvt Ltd','None','Assembled','ECA86BF9C9A2','1506','In Use','None','12700','','','','Select Status','',''),(55,'CPU','NONE','Asset','03/01/2013','Saraswathy Computers','None','Assembled','E840F2067946','001','In Use','None','10300','','','','Select Status','',''),(56,'CPU','NONE','Asset','03/01/2013','Saraswathy Computers','None','Assembled','E840F2067963','001','In Use','None','10300','','','','Select Status','',''),(57,'CPU','NONE','Asset','03/01/2013','Saraswathy Computers','None','Assembled','1C1B0D579042','001','In Use','None','10600','','','','Select Status','',''),(58,'CPU','NONE','Asset','10/10/2013','Sethia Infotech','None','Assembled','8CEC4B4B7BEB','05183','In Use','None','13150','','','','Select Status','',''),(59,'CPU','NONE','Asset','10/10/2013','Sethia Infotech','None','Assembled','E840F2067953','05184','In Use','None','21567','','','','Select Status','',''),(60,'CPU','NONE','Asset','19/12/2013','Sree Computers','None','Assembled','38607750A5CB','1482','In Use','None','13943','','','','Select Status','',''),(61,'CPU','NONE','Asset','19/12/2013','Sree Computers','None','Assembled','E840F2067937','1482','In Use','None','13943','','','','Select Status','',''),(62,'CPU','NONE','Asset','14/11/2014','Sree Computers','None','Assembled','E840F206796C','1010','In Use','None','20072','','','','Select Status','',''),(63,'CPU','NONE','Asset','15/09/2015','Nexbase Technologies','None','Assembled','ECA86B75757E','1963','In Use','None','14720','','','','Select Status','',''),(64,'CPU','NONE','Asset','15/09/2015','Nexbase Technologies','None','Assembled','ECA86BF73948','1963','In Use','None','14720','','','','Select Status','',''),(65,'CPU','NONE','Asset','10/08/2017','Omega Computers','None','Assembled','38607750A6D2','8','In Use','None','21900','','','','Select Status','',''),(66,'CPU','NONE','Asset','10/08/2017','Omega Computers','None','Assembled','ECA86B749C62','8','In Use','None','21900','','','','Select Status','',''),(67,'CPU','NONE','Asset','15/02/2018','Konet Technolgy','None','Dell','1C1B0D57906D','002879','In Use','None','26300','','','','Select Status','',''),(68,'CPU','NONE','Asset','15/02/2018','Konet Technolgy','None','Dell','509A4C04B027','002879','In Use','None','26300','','','','Select Status','',''),(69,'CPU','NONE','Asset','15/02/2018','Konet Technolgy','None','Dell','509A4C22A55C','002879','In Use','None','26300','','','','Select Status','',''),(70,'CPU','NONE','Asset','29/05/2018','Simos Periherals','None','Dell','509A4C22AEE0','113','In Use','None','26000','','','','Select Status','',''),(71,'CPU','NONE','Asset','29/05/2018','Simos Periherals','None','Dell','509A4C3C9E00','113','In Use','None','26000','','','','Select Status','',''),(72,'CPU','NONE','Asset','29/05/2018','Simos Periherals','None','Dell','509A4C3CA126','113','In Use','None','26000','','','','Select Status','',''),(73,'CPU','NONE','Asset','24/08/2018','Simos Periherals','None','Dell Optiplex 3050','5M6CFN2','291','In Use','None','27000','','','','Select Status','',''),(74,'CPU','NONE','Asset','24/08/2018','Simos Periherals','None','Dell Optiplex 3050','5L59FN2','291','In Use','None','27000','','','','Select Status','',''),(75,'CPU','NONE','Asset','29/03/2019','Simos Periherals','None','Dell Optiplex3060','7N107T2','703','In Use','None','26900','','','','Select Status','',''),(76,'CPU','NONE','Asset','29/03/2019','Simos Periherals','None','Optiplex5060','7N4S6T2','703','In Use','None','29600','','','','Select Status','',''),(77,'CPU','NONE','Asset','28/11/2019','Konet Technolgy','None','Asus 310','K2MOKC277572MRA','3090','In Use','None','15167','','','','Select Status','',''),(78,'CPU','NONE','Asset','28/11/2019','Konet Technolgy','None','Asus 310','K2MOKC277576MRA','3090','In Use','None','15167','','','','Select Status','',''),(79,'CPU','NONE','Asset','26/07/2021','Simos Periherals','None','Dell Vostro 3681','4S03TD3','113','In Use','None','26000','','','','Select Status','',''),(80,'CPU','NONE','Asset','26/07/2021','Simos Periherals','None','Dell Vostro 3681','8R03TD','113','In Use','None','26000','','','','Select Status','',''),(81,'CPU','NONE','Asset','26/07/2021','Simos Periherals','None','Dell Vostro 3681','BT03TD3','113','In Use','None','26000','','','','Select Status','',''),(82,'CPU','NONE','Asset','27/07/2021','Simos Periherals','None','Optiplex9010','7N4S6T2','703','In Use','None','30000','','','','Select Status','',''),(83,'CPU','NONE','Asset','27/07/2021','Simos Periherals','None','Optiplex9010','7N4S6T2','703','In Use','None','30000','','','','Select Status','',''),(84,'CPU','NONE','Asset','27/07/2021','Simos Periherals','None','Optiplex9010','7N4S6T2','703','In Use','None','30000','','','','Select Status','',''),(85,'CPU','NONE','Asset','06/10/2021','Konet Technolgy','None','Assempled1','971ZV3','01972','In Use','None','22448','','','','Select Status','',''),(86,'CPU','NONE','Asset','06/10/2021','Konet Technolgy','None','Assempled1','971ZV3','01972','In Use','None','22448','','','','Select Status','',''),(87,'CPU','NONE','Asset','06/10/2021','Konet Technolgy','None','Assempled1','971ZV3','01972','In Use','None','22448','','','','Select Status','',''),(88,'CPU','NONE','Asset','06/10/2021','Konet Technolgy','None','Assempled1','971ZV3','01972','In Use','None','22448','','','','Select Status','',''),(89,'CPU','NONE','Asset','12/03/2022','Trust Communications','None','Dell Optiplex3070','84713010','351','In Use','None','23700','','','','Select Status','',''),(90,'CPU','NONE','Asset','12/03/2022','Trust Communications','None','Dell Optiplex3070','84713010','351','In Use','None','23700','','','','Select Status','',''),(91,'CPU','NONE','Asset','12/03/2022','Trust Communications','None','Dell Optiplex3070','84713010','351','In Use','None','23700','','','','Select Status','',''),(92,'CPU','NONE','Asset','12/03/2022','Trust Communications','None','Dell Optiplex3070','84713010','351','In Use','None','23700','','','','Select Status','',''),(93,'CPU',NULL,'Asset','12-03-2022','TRUST COMMUNICATIONS',NULL,'Dell optiplex3070','84713010','351','In Use',NULL,'23700',NULL,NULL,NULL,NULL,NULL,NULL),(94,'CPU',NULL,'Asset','12-03-2022','TRUST COMMUNICATIONS',NULL,'Dell optiplex3070','84713010','351','In Use',NULL,'23700',NULL,NULL,NULL,NULL,NULL,NULL),(95,'CPU',NULL,'Asset','12-03-2022','TRUST COMMUNICATIONS',NULL,'Dell optiplex3070','84713010','351','In Use',NULL,'23700',NULL,NULL,NULL,NULL,NULL,NULL),(96,'CPU','NONE','Asset','12/03/2022','Trust Communications','None','Dell Optiplex3070','84713010','351','In Use','None','23700','','','','Select Status','',''),(97,'CPU',NULL,'Asset','12-03-2022','TRUST COMMUNICATIONS',NULL,'Dell optiplex3070','84713010','351','In Use',NULL,'23700',NULL,NULL,NULL,NULL,NULL,NULL),(98,'CPU','NONE','Asset','12/03/2022','Trust Communications','None','Dell Optiplex3070','84713010','351','In Use','None','23700','','','','Select Status','',''),(99,'CPU','NONE','Asset','29/09/2022','Simos Periherals','None','Assempled1','ASSEMPLED1','354','In Use','None','20779','','','','Select Status','',''),(100,'CPU',NULL,'Asset','29-09-2022','SIMOS PERIHERALS',NULL,'Assempled1','Assempled1','354','In Use',NULL,'20779',NULL,NULL,NULL,NULL,NULL,NULL),(101,'CPU',NULL,'Asset','29-09-2022','SIMOS PERIHERALS',NULL,'Assempled1','Assempled1','354','In Use',NULL,'20779',NULL,NULL,NULL,NULL,NULL,NULL),(102,'CPU',NULL,'Asset','29-09-2022','SIMOS PERIHERALS',NULL,'Assempled1','Assempled1','354','In Use',NULL,'20779',NULL,NULL,NULL,NULL,NULL,NULL),(103,'CPU','NONE','Asset','29/09/2022','Simos Periherals','None','Assempled1','ASSEMPLED1','354','In Use','None','20779','','','','Select Status','',''),(104,'CPU','NONE','Asset','29/09/2022','Simos Periherals','None','Assempled1','ASSEMPLED1','354','In Use','None','20779','','','','Select Status','',''),(105,'CPU',NULL,'Asset','29-09-2022','SIMOS PERIHERALS',NULL,'Assempled1','Assempled1','354','In Use',NULL,'20779',NULL,NULL,NULL,NULL,NULL,NULL),(106,'CPU',NULL,'Asset','29-09-2022','SIMOS PERIHERALS',NULL,'Assempled1','Assempled1','354','In Use',NULL,'20779',NULL,NULL,NULL,NULL,NULL,NULL),(107,'CPU',NULL,'Asset','29-09-2022','SIMOS PERIHERALS',NULL,'Assempled1','Assempled1','354','In Use',NULL,'20779',NULL,NULL,NULL,NULL,NULL,NULL),(108,'CPU',NULL,'Asset','29-09-2022','SIMOS PERIHERALS',NULL,'Assempled1','Assempled1','354','In Use',NULL,'20779',NULL,NULL,NULL,NULL,NULL,NULL),(109,'CPU',NULL,'Asset','29-09-2022','SIMOS PERIHERALS',NULL,'Assempled1','Assempled1','354','In Use',NULL,'20779',NULL,NULL,NULL,NULL,NULL,NULL),(110,'CPU','NONE','Asset','29/09/2022','Simos Periherals','None','Assempled1','ASSEMPLED1','354','In Use','None','20779','','','','Select Status','',''),(111,'CPU',NULL,'Asset','29-09-2022','SIMOS PERIHERALS',NULL,'Assempled1','Assempled1','354','In Use',NULL,'20779',NULL,NULL,NULL,NULL,NULL,NULL),(112,'CPU',NULL,'Asset','29-09-2022','SIMOS PERIHERALS',NULL,'Assempled1','Assempled1','354','In Use',NULL,'20779',NULL,NULL,NULL,NULL,NULL,NULL),(113,'CPU',NULL,'Asset','29-09-2022','SIMOS PERIHERALS',NULL,'Assempled1','Assempled1','354','In Use',NULL,'20779',NULL,NULL,NULL,NULL,NULL,NULL),(114,'CPU','NONE','Asset','30/11/2022','Simos Periherals','None','Assempled1','ASSEMPLED1','474','In Use','None','20011','','','','Select Status','',''),(115,'CPU','NONE','Asset','30/11/2022','Simos Periherals','None','Assempled1','ASSEMPLED1','474','In Use','None','20011','','','','Select Status','',''),(116,'CPU',NULL,'Asset','30-11-2022','SIMOS PERIHERALS',NULL,'Assempled1','Assempled1','474','In Use',NULL,'20011',NULL,NULL,NULL,NULL,NULL,NULL),(117,'CPU',NULL,'Asset','30-11-2022','SIMOS PERIHERALS',NULL,'Assempled1','Assempled1','474','In Use',NULL,'20011',NULL,NULL,NULL,NULL,NULL,NULL),(118,'CPU',NULL,'Asset','30-11-2022','SIMOS PERIHERALS',NULL,'Assempled1','Assempled1','474','In Use',NULL,'20011',NULL,NULL,NULL,NULL,NULL,NULL),(119,'CPU',NULL,'Asset','30-11-2022','SIMOS PERIHERALS',NULL,'Assempled1','Assempled1','474','In Use',NULL,'20011',NULL,NULL,NULL,NULL,NULL,NULL),(120,'CPU',NULL,'Asset','30-11-2022','SIMOS PERIHERALS',NULL,'Assempled1','Assempled1','474','In Use',NULL,'20011',NULL,NULL,NULL,NULL,NULL,NULL),(121,'CPU',NULL,'Asset','30-11-2022','SIMOS PERIHERALS',NULL,'Assempled1','Assempled1','474','In Use',NULL,'20011',NULL,NULL,NULL,NULL,NULL,NULL),(122,'CPU',NULL,'Asset','30-11-2022','SIMOS PERIHERALS',NULL,'Assempled1','Assempled1','474','In Use',NULL,'20011',NULL,NULL,NULL,NULL,NULL,NULL),(123,'CPU',NULL,'Asset','30-11-2022','SIMOS PERIHERALS',NULL,'Assempled1','Assempled1','474','In Use',NULL,'20011',NULL,NULL,NULL,NULL,NULL,NULL),(124,'CPU',NULL,'Asset','30-11-2022','SIMOS PERIHERALS',NULL,'Assempled1','Assempled1','474','In Use',NULL,'20011',NULL,NULL,NULL,NULL,NULL,NULL),(125,'CPU',NULL,'Asset','30-11-2022','SIMOS PERIHERALS',NULL,'Assempled1','Assempled1','474','In Use',NULL,'20011',NULL,NULL,NULL,NULL,NULL,NULL),(126,'CPU',NULL,'Asset','30-11-2022','SIMOS PERIHERALS',NULL,'Assempled1','Assempled1','474','In Use',NULL,'20011',NULL,NULL,NULL,NULL,NULL,NULL),(127,'CPU',NULL,'Asset','30-11-2022','SIMOS PERIHERALS',NULL,'Assempled1','Assempled1','474','In Use',NULL,'20011',NULL,NULL,NULL,NULL,NULL,NULL),(128,'CPU',NULL,'Asset','30-11-2022','SIMOS PERIHERALS',NULL,'Assempled1','Assempled1','474','In Use',NULL,'20011',NULL,NULL,NULL,NULL,NULL,NULL),(129,'CPU',NULL,'Asset','20-01-2023','KONET TECHNOLGY',NULL,'ASSEMPLED03','ASSEMPLED03','KTI04946','In Use',NULL,'20660',NULL,NULL,NULL,NULL,NULL,NULL),(130,'CPU',NULL,'Asset','20-01-2023','KONET TECHNOLGY',NULL,'ASSEMPLED01','ASSEMPLED01','KTI04946','In Use',NULL,'20660',NULL,NULL,NULL,NULL,NULL,NULL),(131,'CPU',NULL,'Asset','20-01-2023','KONET TECHNOLGY',NULL,'ASSEMPLED02','ASSEMPLED02','KTI04946','In Use',NULL,'20660',NULL,NULL,NULL,NULL,NULL,NULL),(132,'CPU',NULL,'Asset','14-04-2023','KONET TECHNOLGY',NULL,'ASSEMPLED010','ASSEMPLED010','KTI-00196','In Use',NULL,'28600',NULL,NULL,NULL,NULL,NULL,NULL),(133,'CPU',NULL,'Asset','14-04-2023','KONET TECHNOLGY',NULL,'ASSEMPLED04','ASSEMPLED04','KTI-00196','In Use',NULL,'28600',NULL,NULL,NULL,NULL,NULL,NULL),(134,'CPU',NULL,'Asset','14-04-2023','KONET TECHNOLGY',NULL,'ASSEMPLED06','ASSEMPLED06','KTI-00196','In Use',NULL,'28600',NULL,NULL,NULL,NULL,NULL,NULL),(135,'CPU',NULL,'Asset','14-04-2023','KONET TECHNOLGY',NULL,'ASSEMPLED07','ASSEMPLED07','KTI-00196','In Use',NULL,'28600',NULL,NULL,NULL,NULL,NULL,NULL),(136,'CPU',NULL,'Asset','14-04-2023','KONET TECHNOLGY',NULL,'ASSEMPLED08','ASSEMPLED08','KTI-00196','In Use',NULL,'28600',NULL,NULL,NULL,NULL,NULL,NULL),(137,'CPU',NULL,'Asset','14-04-2023','KONET TECHNOLGY',NULL,'ASSEMPLED09','ASSEMPLED09','KTI-00196','In Use',NULL,'28600',NULL,NULL,NULL,NULL,NULL,NULL),(138,'CPU',NULL,'Asset','14-04-2023','KONET TECHNOLGY',NULL,'ASSEMPLED01','ASSEMPLED05','KTI-00196','In Use',NULL,'28600',NULL,NULL,NULL,NULL,NULL,NULL),(139,'CPU',NULL,'Asset','14-04-2023','KONET TECHNOLGY',NULL,'ASSEMPLED01','ASSEMPLED01','KTI04946','In Use',NULL,'20660',NULL,NULL,NULL,NULL,NULL,NULL),(140,'CPU',NULL,'Asset','14-04-2023','KONET TECHNOLGY',NULL,'ASSEMPLED01','ASSEMPLED02','KTI04946','In Use',NULL,'20660',NULL,NULL,NULL,NULL,NULL,NULL),(141,'CPU',NULL,'Asset','14-04-2023','KONET TECHNOLGY',NULL,'ASSEMPLED03','ASSEMPLED03','KTI04946','In Use',NULL,'20660',NULL,NULL,NULL,NULL,NULL,NULL),(142,'CPU',NULL,'Asset','18-05-2023','KONET TECHNOLGY',NULL,'ASSEMPLED03','ASUS82874B9','KTI00732','In Use',NULL,'27100',NULL,NULL,NULL,NULL,NULL,NULL),(143,'CPU',NULL,'Asset','18-05-2023','KONET TECHNOLGY',NULL,'ASSEMPLED01','ASUSV8229P7','KTI00732','In Use',NULL,'27100',NULL,NULL,NULL,NULL,NULL,NULL),(144,'CPU',NULL,'Asset','18-05-2023','KONET TECHNOLGY',NULL,'ASSEMPLED02','ASUS8220N6V','KTI00732','In Use',NULL,'27100',NULL,NULL,NULL,NULL,NULL,NULL),(145,'CPU',NULL,'Asset','09-08-2023','SIMOS PERIHERALS',NULL,'ASSEMPLED01','ASUS','300','In Use',NULL,'28796',NULL,NULL,NULL,NULL,NULL,NULL),(146,'CPU',NULL,'Asset','09-08-2023','SIMOS PERIHERALS',NULL,'ASSEMPLED01','ASUS','300','In Use',NULL,'28796',NULL,NULL,NULL,NULL,NULL,NULL),(147,'CPU',NULL,'Asset','09-08-2023','SIMOS PERIHERALS',NULL,'ASSEMPLED01','ASUS','300','In Use',NULL,'28796',NULL,NULL,NULL,NULL,NULL,NULL),(148,'CPU',NULL,'Asset','09-08-2023','SIMOS PERIHERALS',NULL,'ASSEMPLED01','ASUS','300','In Use',NULL,'28796',NULL,NULL,NULL,NULL,NULL,NULL),(149,'CPU',NULL,'Asset','09-08-2023','SIMOS PERIHERALS',NULL,'ASSEMPLED01','ASUS','300','In Use',NULL,'28796',NULL,NULL,NULL,NULL,NULL,NULL),(150,'CPU',NULL,'Asset','09-08-2023','SIMOS PERIHERALS',NULL,'ASSEMPLED01','ASUS','300','In Use',NULL,'28796',NULL,NULL,NULL,NULL,NULL,NULL),(151,'CPU',NULL,'Asset','09-08-2023','SIMOS PERIHERALS',NULL,'ASSEMPLED01','ASUS','300','In Use',NULL,'28796',NULL,NULL,NULL,NULL,NULL,NULL),(152,'CPU',NULL,'Asset','09-08-2023','SIMOS PERIHERALS',NULL,'ASSEMPLED01','ASUS','300','In Use',NULL,'28796',NULL,NULL,NULL,NULL,NULL,NULL),(153,'CPU',NULL,'Asset','09-08-2023','SIMOS PERIHERALS',NULL,'ASSEMPLED01','ASUS','300','In Use',NULL,'28796',NULL,NULL,NULL,NULL,NULL,NULL),(154,'CPU',NULL,'Asset','09-08-2023','SIMOS PERIHERALS',NULL,'ASSEMPLED01','ASUS','300','In Use',NULL,'28796',NULL,NULL,NULL,NULL,NULL,NULL),(155,'CPU',NULL,'Asset','09-08-2023','SIMOS PERIHERALS',NULL,'ASSEMPLED01','ASUS','300','In Use',NULL,'28796',NULL,NULL,NULL,NULL,NULL,NULL),(156,'CPU',NULL,'Asset','09-08-2023','SIMOS PERIHERALS',NULL,'ASSEMPLED01','ASUS','300','In Use',NULL,'28796',NULL,NULL,NULL,NULL,NULL,NULL),(157,'CPU',NULL,'Asset','09-08-2023','SIMOS PERIHERALS',NULL,'ASSEMPLED01','ASUS','300','In Use',NULL,'28796',NULL,NULL,NULL,NULL,NULL,NULL),(158,'CPU',NULL,'Asset','09-08-2023','SIMOS PERIHERALS',NULL,'ASSEMPLED01','ASUS','300','In Use',NULL,'28796',NULL,NULL,NULL,NULL,NULL,NULL),(159,'CPU',NULL,'Asset','09-08-2023','SIMOS PERIHERALS',NULL,'ASSEMPLED01','ASUS','300','In Use',NULL,'28796',NULL,NULL,NULL,NULL,NULL,NULL),(160,'DVR',NULL,'Asset','27-01-2018','EYEON-WORLD',NULL,'HIKVIOSN DVR','219NCVO','00227','In Use',NULL,'4720',NULL,NULL,NULL,NULL,NULL,NULL),(161,'DVR',NULL,'Asset','09-05-2022','KALAMA VISION TECH',NULL,'Hikviosn 16 Channel','Hikviosn','190164','In Use',NULL,'5847',NULL,NULL,NULL,NULL,NULL,NULL),(162,'DVR',NULL,'Asset','23-07-2023','KALAMA VISION TECH',NULL,'HIKVIOSN DVR-16 channel','k74695724','KVT-23-24/188','In Use',NULL,'9533',NULL,NULL,NULL,NULL,NULL,NULL),(167,'FAX MACHINE','NONE','Asset','02/05/2012','None','None','Panansonic Fx-387','1AABA010483','NONE','Stock','None','20000','','','','Select Status','',''),(168,'Firewall',NULL,'Asset','06-08-2013','MICRO PLUS NETIn Use SOLUTIONS PVT LTD',NULL,'FORTINET 60-D','FGT60D4614057452','056','In Use',NULL,'51713',NULL,NULL,NULL,NULL,NULL,NULL),(169,'FIREWALL','NONE','Asset','31/05/2023','Spud Web Technology','None','100 F','FG100FTK22049374','SPU/23-24/0123','In Use','None','143000','','','','Select Status','',''),(170,'LAPTOP','NONE','Asset','02/04/2014','Sree Computers','None','Dell-Vostra','BC8556DADB20','001','Scrab','None','39000','','','','Select Status','',''),(171,'Laptop',NULL,'Asset','30-05-2012','PR COMPUTER CASTLE PVT LTD',NULL,'G570- Lenovo','CB16105205','613','Scrab',NULL,'33564',NULL,NULL,NULL,NULL,NULL,NULL),(172,'Laptop',NULL,'Asset','30-05-2012','PR COMPUTER CASTLE PVT LTD',NULL,'G570 - Lenovo','CB16105159','613','Scrab',NULL,'34564',NULL,NULL,NULL,NULL,NULL,NULL),(173,'Laptop',NULL,'Asset','30-05-2012','PR COMPUTER CASTLE PVT LTD',NULL,'G570 - Lenovo','CB16104073','613','Scrab',NULL,'34654',NULL,NULL,NULL,NULL,NULL,NULL),(174,'Laptop',NULL,'Asset','14-07-2015','OMEGA COMPUTERS',NULL,'DELL INSP 15','D9TMF32','224','In Use',NULL,'28600',NULL,NULL,NULL,NULL,NULL,NULL),(175,'Laptop',NULL,'Asset','07-01-2016','OMEGA COMPUTERS',NULL,'Lenovo G5080','B66D83144D94','183','In Use',NULL,'29450',NULL,NULL,NULL,NULL,NULL,NULL),(176,'Laptop',NULL,'Asset','07-01-2016','KONET TECHNOLGY',NULL,'Dell3568Vostra','00FF1B6EDD7E','004876','In Use',NULL,'31000',NULL,NULL,NULL,NULL,NULL,NULL),(177,'Laptop',NULL,'Asset','30-07-2021','TEAMWORK SYSTEM',NULL,'dell 7010','fs057y1','1058','In Use',NULL,'16350',NULL,NULL,NULL,NULL,NULL,NULL),(178,'Laptop',NULL,'Asset','18-08-2021','SIMOS PERIHERALS',NULL,'Lenovo T14','pf32ancp','144','In Use',NULL,'134000',NULL,NULL,NULL,NULL,NULL,NULL),(179,'Laptop',NULL,'Asset','16-11-2021','SIMOS PERIHERALS',NULL,'Dell lattitude 3510','1pk54b3','314','In Use',NULL,'58050',NULL,NULL,NULL,NULL,NULL,NULL),(180,'Laptop',NULL,'Asset','16-11-2021','TEAMWORK SYSTEM',NULL,'Dell lattitude 5440','G58RG12','1626','In Use',NULL,'21500',NULL,NULL,NULL,NULL,NULL,NULL),(181,'Laptop',NULL,'Asset','16-11-2021','TEAMWORK SYSTEM',NULL,'Dell lattitude 5440','J4SCH12','1626','In Use',NULL,'21500',NULL,NULL,NULL,NULL,NULL,NULL),(182,'Laptop',NULL,'Asset','29-12-2022','TEAMWORK SYSTEM',NULL,'lenovo T470','pf10vtrn','136','In Use',NULL,'18500',NULL,NULL,NULL,NULL,NULL,NULL),(183,'Laptop',NULL,'Asset','29-12-2022','TEAMWORK SYSTEM',NULL,'lenovo T470','pf10vz8y','136','In Use',NULL,'18500',NULL,NULL,NULL,NULL,NULL,NULL),(184,'Laptop',NULL,'Asset','29-12-2022','TEAMWORK SYSTEM',NULL,'lenovo T470','pfatjs06','136','In Use',NULL,'18500',NULL,NULL,NULL,NULL,NULL,NULL),(185,'Laptop',NULL,'Asset','29-12-2022','TEAMWORK SYSTEM',NULL,'lenovo T470','tf0v6k9f','136','In Use',NULL,'18500',NULL,NULL,NULL,NULL,NULL,NULL),(186,'Laptop',NULL,'Asset','29-12-2022','TEAMWORK SYSTEM',NULL,'lenovo T470','tfoz12c2','136','In Use',NULL,'18500',NULL,NULL,NULL,NULL,NULL,NULL),(187,'Laptop',NULL,'Asset','17-05-2023','TEAMWORK SYSTEM',NULL,'LENOVO E570','TF0VYL4A','053','In Use',NULL,'22000',NULL,NULL,NULL,NULL,NULL,NULL),(188,'Laptop',NULL,'Asset','17-05-2023','TEAMWORK SYSTEM',NULL,'LENOVO E570','TF0VZ0SB','053','In Use',NULL,'22000',NULL,NULL,NULL,NULL,NULL,NULL),(189,'Laptop',NULL,'Asset','17-05-2023','TEAMWORK SYSTEM',NULL,'LENOVO E570','TF0VZ73M','053','In Use',NULL,'22000',NULL,NULL,NULL,NULL,NULL,NULL),(190,'Laptop',NULL,'Asset',NULL,'TEAMWORK SYSTEM',NULL,'lenovo G40-50','NULL',NULL,'In Use',NULL,'15000',NULL,NULL,NULL,NULL,NULL,NULL),(191,'Laptop',NULL,'Asset',NULL,'Buy back from CEO',NULL,'Hp ','NULL',NULL,'In Use',NULL,'0',NULL,NULL,NULL,NULL,NULL,NULL),(192,'Laptop',NULL,'Asset',NULL,'CEO\'s Home laptop',NULL,'Lenovo G570','NULL',NULL,'In Use',NULL,'0',NULL,NULL,NULL,NULL,NULL,NULL),(193,'LAPTOP','NONE','Asset','26/05/2023','Konet Technolgy','Lenovo','Ideacentre Aio 3 27','1SF0J00FINMP22DVRWH','098','In Use','None','55720','Ceo','Ceo','Arun','Select Status','',''),(194,'Mac Server',NULL,'Asset','17-03-2016','POWER CENTRE PVT LTD',NULL,'MAC','MGEN2HN/A','01622','In Use',NULL,'56805',NULL,NULL,NULL,NULL,NULL,NULL),(195,'Mic',NULL,'8518','28-04-2022','Sonata Electronic',NULL,'Sonata MIC','Asset','241','In Use',NULL,'2150',NULL,NULL,NULL,NULL,NULL,NULL),(196,'MONITOR','NONE','Asset','22/05/2012','Pr Computer Castle Pvt Ltd','None','Benq','00019','530','Disposed','None','4500','','','','Not Working','',''),(197,'MONITOR','NONE','Asset','22/05/2012','Pr Computer Castle Pvt Ltd','None','Benq','23019','530','Disposed','None','4500','','','','Not Working','',''),(198,'MONITOR','NONE','Asset','22/05/2012','Pr Computer Castle Pvt Ltd','None','Benq','36019','530','Disposed','None','4500','','','','Not Working','',''),(199,'MONITOR','NONE','Asset','22/05/2012','Pr Computer Castle Pvt Ltd','None','Benq','48019','530','Disposed','None','4500','','','','Not Working','',''),(200,'MONITOR','NONE','Asset','22/05/2012','Pr Computer Castle Pvt Ltd','None','Benq','48SL0','530','Disposed','None','4500','','','','Not Working','',''),(201,'MONITOR','NONE','Asset','16/03/2016','Simos Periherals','None','Benq','39019','0739','Disposed','None','8600','','','','Not Working','',''),(202,'Monitor',NULL,'Asset','22-05-2012','PR COMPUTER CASTLE PVT LTD',NULL,'BENQ','58019','530','In Use',NULL,'4500',NULL,NULL,NULL,NULL,NULL,NULL),(203,'Monitor',NULL,'Asset','22-05-2012','PR COMPUTER CASTLE PVT LTD',NULL,'BENQ','59019','530','In Use',NULL,'4500',NULL,NULL,NULL,NULL,NULL,NULL),(204,'Monitor',NULL,'Asset','22-05-2012','PR COMPUTER CASTLE PVT LTD',NULL,'BENQ','62019','530','In Use',NULL,'4500',NULL,NULL,NULL,NULL,NULL,NULL),(205,'Monitor',NULL,'Asset','22-05-2012','PR COMPUTER CASTLE PVT LTD',NULL,'BENQ','66019','530','In Use',NULL,'4500',NULL,NULL,NULL,NULL,NULL,NULL),(206,'Monitor',NULL,'Asset','22-05-2012','PR COMPUTER CASTLE PVT LTD',NULL,'BENQ','72019','530','In Use',NULL,'4500',NULL,NULL,NULL,NULL,NULL,NULL),(207,'Monitor',NULL,'Asset','22-05-2012','PR COMPUTER CASTLE PVT LTD',NULL,'BENQ','77019','530','In Use',NULL,'4500',NULL,NULL,NULL,NULL,NULL,NULL),(208,'Monitor',NULL,'Asset','13-08-2012','PR COMPUTER CASTLE PVT LTD',NULL,'BENQ','42019','1506','In Use',NULL,'4500',NULL,NULL,NULL,NULL,NULL,NULL),(209,'Monitor',NULL,'Asset','13-08-2012','PR COMPUTER CASTLE PVT LTD',NULL,'BENQ','471019','1506','In Use',NULL,'4500',NULL,NULL,NULL,NULL,NULL,NULL),(210,'Monitor',NULL,'Asset','13-08-2012','PR COMPUTER CASTLE PVT LTD',NULL,'BENQ','76019','1506','In Use',NULL,'4500',NULL,NULL,NULL,NULL,NULL,NULL),(211,'MONITOR','NONE','Asset','03/01/2013','Saraswathy Computers','None','Benq','5901','001','In Use','None','4500','','','','Select Status','',''),(212,'MONITOR','NONE','Asset','03/01/2013','Saraswathy Computers','None','Benq','791019','001','In Use','None','4500','','','','Select Status','',''),(213,'MONITOR','NONE','Asset','03/01/2013','Saraswathy Computers','None','Benq','99019','001','In Use','None','4500','','','','Select Status','',''),(214,'Monitor',NULL,'Asset','10-10-2013',NULL,NULL,'ZEBRONIC','4E8501','1583','In Use',NULL,'4500',NULL,NULL,NULL,NULL,NULL,NULL),(215,'Monitor',NULL,'Asset','10-10-2013','SETHIA INFOTECH',NULL,'GATEWAY','268501','05184','In Use',NULL,'5333',NULL,NULL,NULL,NULL,NULL,NULL),(216,'Monitor',NULL,'Asset','19-12-2013','SREE COMPUTERS',NULL,'Acer Gate Way 15\"','385L0','1482','In Use',NULL,'4399',NULL,NULL,NULL,NULL,NULL,NULL),(217,'Monitor',NULL,'Asset','19-12-2013','SREE COMPUTERS',NULL,'Acer Gate Way 15\"','GW2270H-LED','1482','In Use',NULL,'4399',NULL,NULL,NULL,NULL,NULL,NULL),(218,'Monitor',NULL,'Asset','14-11-2014','SREE COMPUTERS',NULL,'BENQ','445-LOT','1010','In Use',NULL,'6000',NULL,NULL,NULL,NULL,NULL,NULL),(219,'Monitor',NULL,'Asset','15-09-2015','NEXBASE TECHNOLOGIES',NULL,'BENQ','40019','1963','In Use',NULL,'4500',NULL,NULL,NULL,NULL,NULL,NULL),(220,'Monitor',NULL,'Asset','15-09-2015','NEXBASE TECHNOLOGIES',NULL,'BENQ','98019','1963','In Use',NULL,'4500',NULL,NULL,NULL,NULL,NULL,NULL),(221,'MONITOR','NONE','Asset','27/09/2016','Simos Periherals','None','Dell','KBGU-A00','202','In Use','None','8300','','','','Select Status','',''),(222,'Monitor',NULL,'Asset','27-09-2016','OMEGA COMPUTERS',NULL,'DELL','KVGU','202','In Use',NULL,'5600',NULL,NULL,NULL,NULL,NULL,NULL),(223,'Monitor',NULL,'Asset','10-08-2017','OMEGA COMPUTERS',NULL,'DELL','CK91-A02','9','In Use',NULL,'5400',NULL,NULL,NULL,NULL,NULL,NULL),(224,'Monitor',NULL,'Asset','10-08-2017','OMEGA COMPUTERS',NULL,'DELL','D1LU-A02','9','In Use',NULL,'5400',NULL,NULL,NULL,NULL,NULL,NULL),(225,'Monitor',NULL,'Asset','15-02-2018','KONET TECHNOLGY',NULL,'DELL','CKV1-A02','002879','In Use',NULL,'5000',NULL,NULL,NULL,NULL,NULL,NULL),(226,'Monitor',NULL,'Asset','15-02-2018','KONET TECHNOLGY',NULL,'DELL','CLGI-AO2','002879','In Use',NULL,'5000',NULL,NULL,NULL,NULL,NULL,NULL),(227,'Monitor',NULL,'Asset','15-02-2018','KONET TECHNOLGY',NULL,'DELL','D150-A02','002879','In Use',NULL,'5000',NULL,NULL,NULL,NULL,NULL,NULL),(228,'Monitor',NULL,'Asset','29-05-2018','SIMOS PERIHERALS',NULL,'DELL','0C21-A04','113','In Use',NULL,'4500',NULL,NULL,NULL,NULL,NULL,NULL),(229,'Monitor',NULL,'Asset','29-05-2018','SIMOS PERIHERALS',NULL,'DELL','1PDI-A03','113','In Use',NULL,'4500',NULL,NULL,NULL,NULL,NULL,NULL),(230,'Monitor',NULL,'Asset','29-05-2018','SIMOS PERIHERALS',NULL,'DELL','AKKD-A00','113','In Use',NULL,'4500',NULL,NULL,NULL,NULL,NULL,NULL),(231,'Monitor',NULL,'Asset','24-08-2018','SIMOS PERIHERALS',NULL,'DELL','91T7JJ2','291','In Use',NULL,'4500',NULL,NULL,NULL,NULL,NULL,NULL),(232,'Monitor',NULL,'Asset','24-08-2018','SIMOS PERIHERALS',NULL,'DELL','C0T7JJ2','291','In Use',NULL,'4500',NULL,NULL,NULL,NULL,NULL,NULL),(233,'Monitor',NULL,'Asset','29-03-2019','SIMOS PERIHERALS',NULL,'Dell ','QDC00-85S-34HI-AoS','703','In Use',NULL,'5000',NULL,NULL,NULL,NULL,NULL,NULL),(234,'Monitor',NULL,'Asset','29-03-2019','SIMOS PERIHERALS',NULL,'Dell','QDC00-855-34HI','703','In Use',NULL,'5000',NULL,NULL,NULL,NULL,NULL,NULL),(235,'Monitor',NULL,'Asset','2019-11-05','SIMOS PERIHERALS',NULL,'1918H','BJ3PBP2','379','In Use',NULL,'4322',NULL,NULL,NULL,NULL,NULL,NULL),(236,'Monitor',NULL,'Asset','28-11-2019','KONET TECHNOLGY',NULL,'D1918H','FJ2SBP2','3090','In Use',NULL,'4110',NULL,NULL,NULL,NULL,NULL,NULL),(237,'Monitor',NULL,'Asset','28-11-2019','KONET TECHNOLGY',NULL,'D1918H','772SBP2','3090','In Use',NULL,'4110',NULL,NULL,NULL,NULL,NULL,NULL),(238,'Monitor',NULL,'Asset','29-11-2019','KONET TECHNOLGY',NULL,'4850','772SBP2','098','In Use',NULL,'55720',NULL,NULL,NULL,NULL,NULL,NULL),(239,'Monitor',NULL,'Asset','26-07-2021','SIMOS PERIHERALS',NULL,'Dell 19 inch','6d8z043','113','In Use',NULL,'7000',NULL,NULL,NULL,NULL,NULL,NULL),(240,'Monitor',NULL,'Asset','26-07-2021','SIMOS PERIHERALS',NULL,'Dell 19 inch','cs42b33','113','In Use',NULL,'7000',NULL,NULL,NULL,NULL,NULL,NULL),(241,'Monitor',NULL,'Asset','26-07-2021','SIMOS PERIHERALS',NULL,'Dell 19 inch','dy12b33','113','In Use',NULL,'7000',NULL,NULL,NULL,NULL,NULL,NULL),(242,'Monitor',NULL,'Asset','06-10-2021','KONET TECHNOLGY',NULL,'Dell 18.5 inch','8528','01972','In Use',NULL,'7966',NULL,NULL,NULL,NULL,NULL,NULL),(243,'Monitor',NULL,'Asset','06-10-2021','KONET TECHNOLGY',NULL,'Dell 18.5 inch','8528','01972','In Use',NULL,'7966',NULL,NULL,NULL,NULL,NULL,NULL),(244,'Monitor',NULL,'Asset','06-10-2021','KONET TECHNOLGY',NULL,'Dell 18.5 inch','8528','01972','In Use',NULL,'7966',NULL,NULL,NULL,NULL,NULL,NULL),(245,'Monitor',NULL,'Asset','28-03-2022','SIMOS PERIHERALS',NULL,'Zebian 19 inch','502453','530','In Use',NULL,'4470',NULL,NULL,NULL,NULL,NULL,NULL),(246,'Monitor',NULL,'Asset','10-06-2022','KONET TECHNOLGY',NULL,'Dell monitor','33tpkc3','812','In Use',NULL,'6943',NULL,NULL,NULL,NULL,NULL,NULL),(247,'Monitor',NULL,'Asset','10-06-2022','KONET TECHNOLGY',NULL,'Dell monitor','fcfpkc3','812','In Use',NULL,'6943',NULL,NULL,NULL,NULL,NULL,NULL),(248,'Monitor',NULL,'Asset','10-06-2022','KONET TECHNOLGY',NULL,'Dell monitor','gpspkc3','812','In Use',NULL,'6943',NULL,NULL,NULL,NULL,NULL,NULL),(249,'MONITOR','NONE','Asset','04/08/2022','Simos Periherals','None','Dell 1918H','87NQKC3','SPPL239.22-23','In Use','None','6927','','','','Select Status','',''),(250,'Monitor',NULL,'Asset','04-08-2022','SIMOS PERIHERALS',NULL,'DELL 1918H','HV2QKC3','SPPL239.22-23','In Use',NULL,'6927',NULL,NULL,NULL,NULL,NULL,NULL),(251,'Monitor',NULL,'Asset','04-08-2022','SIMOS PERIHERALS',NULL,'DELL1918H','7MRPKC3','SPPL239.22-23','In Use',NULL,'6927',NULL,NULL,NULL,NULL,NULL,NULL),(252,'Monitor',NULL,'Asset','04-08-2022','SIMOS PERIHERALS',NULL,'DELL 1918H','7G9LKC3','SPPL239-22-23','In Use',NULL,'6927',NULL,NULL,NULL,NULL,NULL,NULL),(253,'Monitor',NULL,'Asset','29-09-2022','SIMOS PERIHERALS',NULL,'dell 20 inch','dell 20 inch','354','In Use',NULL,'7000',NULL,NULL,NULL,NULL,NULL,NULL),(254,'Monitor',NULL,'Asset','29-09-2022','SIMOS PERIHERALS',NULL,'dell 20 inch','dell 20 inch','354','In Use',NULL,'7000',NULL,NULL,NULL,NULL,NULL,NULL),(255,'Monitor',NULL,'Asset','29-09-2022','SIMOS PERIHERALS',NULL,'dell 20 inch','dell 20 inch','354','In Use',NULL,'7000',NULL,NULL,NULL,NULL,NULL,NULL),(256,'Monitor',NULL,'Asset','29-09-2022','SIMOS PERIHERALS',NULL,'dell 20 inch','dell 20 inch','354','In Use',NULL,'7000',NULL,NULL,NULL,NULL,NULL,NULL),(257,'Monitor',NULL,'Asset','29-09-2022','SIMOS PERIHERALS',NULL,'dell 20 inch','dell 20 inch','354','In Use',NULL,'7000',NULL,NULL,NULL,NULL,NULL,NULL),(258,'Monitor',NULL,'Asset','29-09-2022','SIMOS PERIHERALS',NULL,'dell 20 inch','dell 20 inch','354','In Use',NULL,'7000',NULL,NULL,NULL,NULL,NULL,NULL),(259,'Monitor',NULL,'Asset','29-09-2022','SIMOS PERIHERALS',NULL,'dell 20 inch','dell 20 inch','354','In Use',NULL,'7000',NULL,NULL,NULL,NULL,NULL,NULL),(260,'Monitor',NULL,'Asset','29-09-2022','SIMOS PERIHERALS',NULL,'dell 20 inch','dell 20 inch','354','In Use',NULL,'7000',NULL,NULL,NULL,NULL,NULL,NULL),(261,'Monitor',NULL,'Asset','29-09-2022','SIMOS PERIHERALS',NULL,'dell 20 inch','dell 20 inch','354','In Use',NULL,'7000',NULL,NULL,NULL,NULL,NULL,NULL),(262,'Monitor',NULL,'Asset','29-09-2022','SIMOS PERIHERALS',NULL,'dell 20 inch','dell 20 inch','354','In Use',NULL,'7000',NULL,NULL,NULL,NULL,NULL,NULL),(263,'Monitor',NULL,'Asset','29-09-2022','SIMOS PERIHERALS',NULL,'dell 20 inch','dell 20 inch','354','In Use',NULL,'7000',NULL,NULL,NULL,NULL,NULL,NULL),(264,'Monitor',NULL,'Asset','29-09-2022','SIMOS PERIHERALS',NULL,'dell 20 inch','dell 20 inch','354','In Use',NULL,'7000',NULL,NULL,NULL,NULL,NULL,NULL),(265,'Monitor',NULL,'Asset','29-09-2022','SIMOS PERIHERALS',NULL,'dell 20 inch','dell 20 inch','354','In Use',NULL,'7000',NULL,NULL,NULL,NULL,NULL,NULL),(266,'Monitor',NULL,'Asset','29-09-2022','SIMOS PERIHERALS',NULL,'dell 20 inch','dell 20 inch','354','In Use',NULL,'7000',NULL,NULL,NULL,NULL,NULL,NULL),(267,'Monitor',NULL,'Asset','29-09-2022','SIMOS PERIHERALS',NULL,'dell 20 inch','dell 20 inch','354','In Use',NULL,'7000',NULL,NULL,NULL,NULL,NULL,NULL),(268,'Monitor',NULL,'Asset','30-11-2022','SIMOS PERIHERALS',NULL,'dell 20 inch','dell 20 inch','474','In Use',NULL,'7599',NULL,NULL,NULL,NULL,NULL,NULL),(269,'Monitor',NULL,'Asset','30-11-2022','SIMOS PERIHERALS',NULL,'dell 20 inch','dell 20 inch','474','In Use',NULL,'7599',NULL,NULL,NULL,NULL,NULL,NULL),(270,'Monitor',NULL,'Asset','30-11-2022','SIMOS PERIHERALS',NULL,'dell 20 inch','dell 20 inch','474','In Use',NULL,'7599',NULL,NULL,NULL,NULL,NULL,NULL),(271,'Monitor',NULL,'Asset','30-11-2022','SIMOS PERIHERALS',NULL,'dell 20 inch','dell 20 inch','474','In Use',NULL,'7599',NULL,NULL,NULL,NULL,NULL,NULL),(272,'Monitor',NULL,'Asset','30-11-2022','SIMOS PERIHERALS',NULL,'dell 20 inch','dell 20 inch','474','In Use',NULL,'7599',NULL,NULL,NULL,NULL,NULL,NULL),(273,'Monitor',NULL,'Asset','30-11-2022','SIMOS PERIHERALS',NULL,'dell 20 inch','dell 20 inch','474','In Use',NULL,'7599',NULL,NULL,NULL,NULL,NULL,NULL),(274,'Monitor',NULL,'Asset','30-11-2022','SIMOS PERIHERALS',NULL,'dell 20 inch','dell 20 inch','474','In Use',NULL,'7599',NULL,NULL,NULL,NULL,NULL,NULL),(275,'Monitor',NULL,'Asset','30-11-2022','SIMOS PERIHERALS',NULL,'dell 20 inch','dell 20 inch','474','In Use',NULL,'7599',NULL,NULL,NULL,NULL,NULL,NULL),(276,'Monitor',NULL,'Asset','30-11-2022','SIMOS PERIHERALS',NULL,'dell 20 inch','dell 20 inch','474','In Use',NULL,'7599',NULL,NULL,NULL,NULL,NULL,NULL),(277,'Monitor',NULL,'Asset','30-11-2022','SIMOS PERIHERALS',NULL,'dell 20 inch','dell 20 inch','474','In Use',NULL,'7599',NULL,NULL,NULL,NULL,NULL,NULL),(278,'Monitor',NULL,'Asset','30-11-2022','SIMOS PERIHERALS',NULL,'dell 20 inch','dell 20 inch','474','In Use',NULL,'7599',NULL,NULL,NULL,NULL,NULL,NULL),(279,'Monitor',NULL,'Asset','30-11-2022','SIMOS PERIHERALS',NULL,'dell 20 inch','dell 20 inch','474','In Use',NULL,'7599',NULL,NULL,NULL,NULL,NULL,NULL),(280,'Monitor',NULL,'Asset','30-11-2022','SIMOS PERIHERALS',NULL,'dell 20 inch','dell 20 inch','474','In Use',NULL,'7599',NULL,NULL,NULL,NULL,NULL,NULL),(281,'Monitor',NULL,'Asset','30-11-2022','SIMOS PERIHERALS',NULL,'dell 20 inch','dell 20 inch','474','In Use',NULL,'7599',NULL,NULL,NULL,NULL,NULL,NULL),(282,'Monitor',NULL,'Asset','30-11-2022','SIMOS PERIHERALS',NULL,'dell 20 inch','dell 20 inch','474','In Use',NULL,'7599',NULL,NULL,NULL,NULL,NULL,NULL),(283,'Monitor',NULL,'Asset','20-01-2023','KONET TECHNOLGY',NULL,'DELL 20','C5N9GM3','KTI04946','In Use',NULL,'6525',NULL,NULL,NULL,NULL,NULL,NULL),(284,'Monitor',NULL,'Asset','20-01-2023','KONET TECHNOLGY',NULL,'DELL 20','C79DGM3','KTI04946','In Use',NULL,'6525',NULL,NULL,NULL,NULL,NULL,NULL),(285,'Monitor',NULL,'Asset','20-01-2023','KONET TECHNOLGY',NULL,'DELL 20','DT8GGM3','KTI04946','In Use',NULL,'6525',NULL,NULL,NULL,NULL,NULL,NULL),(286,'Monitor',NULL,'Asset','20-01-2023','KONET TECHNOLGY',NULL,'DELL 20','DTVDGM3','KTI04946','In Use',NULL,'6525',NULL,NULL,NULL,NULL,NULL,NULL),(287,'Monitor',NULL,'Asset','20-01-2023','KONET TECHNOLGY',NULL,'DELL 20','DV2HGM3','KTI04946','In Use',NULL,'6525',NULL,NULL,NULL,NULL,NULL,NULL),(288,'Monitor',NULL,'Asset','14-03-2023','KONET TECHNOLGY',NULL,'DELL 20INCH','37N8WQ3','KTI-00196','In Use',NULL,'7750',NULL,NULL,NULL,NULL,NULL,NULL),(289,'Monitor',NULL,'Asset','14-04-2023','KONET TECHNOLGY',NULL,'DELL 20 INCH','DN2GZP3','KTI-00196','In Use',NULL,'7750',NULL,NULL,NULL,NULL,NULL,NULL),(290,'Monitor',NULL,'Asset','14-04-2023','KONET TECHNOLGY',NULL,'DELL 20 INCH','DP5HZP3','KTI-00196','In Use',NULL,'7750',NULL,NULL,NULL,NULL,NULL,NULL),(291,'Monitor',NULL,'Asset','14-04-2023','KONET TECHNOLGY',NULL,'DELL 20INCH','16392Q3','KTI-00196','In Use',NULL,'7750',NULL,NULL,NULL,NULL,NULL,NULL),(292,'Monitor',NULL,'Asset','14-04-2023','KONET TECHNOLGY',NULL,'DELL 20INCH','2V5BWQ3','KTI-00196','In Use',NULL,'7750',NULL,NULL,NULL,NULL,NULL,NULL),(293,'Monitor',NULL,'Asset','14-04-2023','KONET TECHNOLGY',NULL,'DELL 20INCH','DTB2Q3','KTI-00196','In Use',NULL,'7750',NULL,NULL,NULL,NULL,NULL,NULL),(294,'Monitor',NULL,'Asset','14-04-2023','KONET TECHNOLGY',NULL,'DELL 20INCH','DTDJZP3','KTI-00196','In Use',NULL,'7750',NULL,NULL,NULL,NULL,NULL,NULL),(295,'Monitor',NULL,'Asset','14-04-2023','KONET TECHNOLGY',NULL,'DELL20INCH','JR5TZP3','KTI-00196','In Use',NULL,'7750',NULL,NULL,NULL,NULL,NULL,NULL),(296,'Monitor',NULL,'Asset','14-04-2023','KONET TECHNOLGY',NULL,'DELL 20 INCH','F0VT2Q3','KTI-00196','In Use',NULL,'7750',NULL,NULL,NULL,NULL,NULL,NULL),(297,'Monitor',NULL,'Asset','14-04-2023','KONET TECHNOLGY',NULL,'DELL 20 INCH','2YBBWQ3','KTI-00196','In Use',NULL,'7750',NULL,NULL,NULL,NULL,NULL,NULL),(298,'MONITOR','NONE','Asset','02/05/2023','Konet Technolgy','None','Dell 24 Inch','HMH1XQ3','KTI00481','In Use','None','11016','','','','Select Status','',''),(299,'Monitor',NULL,'Asset','18-05-2023','KONET TECHNOLGY',NULL,'DELL 20','269DC9X','KTI00732','In Use',NULL,'7475',NULL,NULL,NULL,NULL,NULL,NULL),(300,'Monitor',NULL,'Asset','18-05-2023','KONET TECHNOLGY',NULL,'DELL 20','326ALWX','KTI00732','In Use',NULL,'7475',NULL,NULL,NULL,NULL,NULL,NULL),(301,'Monitor',NULL,'Asset','18-05-2023','KONET TECHNOLGY',NULL,'DELL 20','326CNAX','KTI00732','In Use',NULL,'7475',NULL,NULL,NULL,NULL,NULL,NULL),(302,'Monitor',NULL,'Asset','09-08-2023','SIMOS PERIHERALS',NULL,'DELL 20 INCH','22wnxv3','300','In Use',NULL,'6850',NULL,NULL,NULL,NULL,NULL,NULL),(303,'Monitor',NULL,'Asset','09-08-2023','SIMOS PERIHERALS',NULL,'DELL 20 INCH','3j6sxv3','300','In Use',NULL,'6850',NULL,NULL,NULL,NULL,NULL,NULL),(304,'Monitor',NULL,'Asset','09-08-2023','SIMOS PERIHERALS',NULL,'DELL 20 INCH','3jlrxv3','300','In Use',NULL,'6850',NULL,NULL,NULL,NULL,NULL,NULL),(305,'Monitor',NULL,'Asset','09-08-2023','SIMOS PERIHERALS',NULL,'DELL 20 INCH','5bnb9v3','300','In Use',NULL,'6850',NULL,NULL,NULL,NULL,NULL,NULL),(306,'Monitor',NULL,'Asset','09-08-2023','SIMOS PERIHERALS',NULL,'DELL 20 INCH','5brb9v3','300','In Use',NULL,'6850',NULL,NULL,NULL,NULL,NULL,NULL),(307,'Monitor',NULL,'Asset','09-08-2023','SIMOS PERIHERALS',NULL,'DELL 20 INCH','5brc9v3','300','In Use',NULL,'6850',NULL,NULL,NULL,NULL,NULL,NULL),(308,'Monitor',NULL,'Asset','09-08-2023','SIMOS PERIHERALS',NULL,'DELL 20 INCH','6yvt8v3','300','In Use',NULL,'6850',NULL,NULL,NULL,NULL,NULL,NULL),(309,'Monitor',NULL,'Asset','09-08-2023','SIMOS PERIHERALS',NULL,'DELL 20 INCH','71qq8v3','300','In Use',NULL,'6850',NULL,NULL,NULL,NULL,NULL,NULL),(310,'Monitor',NULL,'Asset','09-08-2023','SIMOS PERIHERALS',NULL,'DELL 20 INCH','8k1k9v3','300','In Use',NULL,'6850',NULL,NULL,NULL,NULL,NULL,NULL),(311,'Monitor',NULL,'Asset','09-08-2023','SIMOS PERIHERALS',NULL,'DELL 20 INCH','8ltl9v3','300','In Use',NULL,'6850',NULL,NULL,NULL,NULL,NULL,NULL),(312,'Monitor',NULL,'Asset','09-08-2023','SIMOS PERIHERALS',NULL,'DELL 20 INCH','8prj9v3','300','In Use',NULL,'6850',NULL,NULL,NULL,NULL,NULL,NULL),(313,'Monitor',NULL,'Asset','09-08-2023','SIMOS PERIHERALS',NULL,'DELL 20 INCH','8qyk9v3','300','In Use',NULL,'6850',NULL,NULL,NULL,NULL,NULL,NULL),(314,'Monitor',NULL,'Asset','09-08-2023','SIMOS PERIHERALS',NULL,'DELL 20 INCH','8t2j9v3','300','In Use',NULL,'6850',NULL,NULL,NULL,NULL,NULL,NULL),(315,'Monitor',NULL,'Asset','09-08-2023','SIMOS PERIHERALS',NULL,'DELL 20 INCH','8zkj9v3','300','In Use',NULL,'6850',NULL,NULL,NULL,NULL,NULL,NULL),(316,'Monitor',NULL,'Asset','09-08-2023','SIMOS PERIHERALS',NULL,'DELL 20 INCH','961k9v3','300','In Use',NULL,'6850',NULL,NULL,NULL,NULL,NULL,NULL),(327,'PENDRIVE','NONE','Asset','02/04/2014','Sree Computers','None','Transcend','TRANSCEND 32GB','0082','In Use','None','700','','','','Select Status','',''),(328,'PRINTER','NONE','Asset','01/01/2013','Saraswathy Computers','None','Hp2131','DESKJET2131','001','In Use','None','3000','','','','Select Status','',''),(329,'PRINTER','NONE','Asset','03/02/2016','Omega Computers','None','Hp Laserjet Nw 126','CNB6H9M4QK','202','In Use','None','11500','','','','Select Status','',''),(330,'projector',NULL,'Asset','13-07-2022','SRE SYSTEMS',NULL,'EPSON EBw49','x8b92401268','12511','In Use',NULL,'42750',NULL,NULL,NULL,NULL,NULL,NULL),(331,'projector',NULL,'Asset','30-08-2023','Zaho computers',NULL,'EPSON EB01','x8b92401268','38','In Use',NULL,'30000',NULL,NULL,NULL,NULL,NULL,NULL),(332,'Rack',NULL,'Asset','07-02-2018','SIMOS PERIHERALS',NULL,' Netrack  27 U','27U Rack','466','In Use',NULL,'28910',NULL,NULL,NULL,NULL,NULL,NULL),(333,'Rack',NULL,'Asset','29-04-2022','KONET TECHNOLGY',NULL,'42 U Marx Rack','Marx','254','In Use',NULL,'50550',NULL,NULL,NULL,NULL,NULL,NULL),(334,'Rack',NULL,'Asset','29-04-2022','KONET TECHNOLGY',NULL,'36 U 1000D rack Marx','85381090','KTI-01278/23-24','In Use',NULL,'37079',NULL,NULL,NULL,NULL,NULL,NULL),(335,'Router',NULL,'Asset','10-06-2022','KONET TECHNOLGY',NULL,'Tplink Archer E6u','22233447000727','812','In Use',NULL,'2750',NULL,NULL,NULL,NULL,NULL,NULL),(439,'Software-office',NULL,'Asset','14-11-2014','SREE COMPUTERS',NULL,'msoffice-2013 Home & bussiness','99994809614273','1010','In Use',NULL,'12380',NULL,NULL,NULL,NULL,NULL,NULL),(440,'Speaker',NULL,'Asset','18-01-2018','Sonata Electronic',NULL,'Ahuja - 6','Ahuja','226','In Use',NULL,'4897',NULL,NULL,NULL,NULL,NULL,NULL),(441,'Speaker',NULL,'Asset','18-01-2018','Sonata Electronic',NULL,'sonata Speaker','Sonata','226','In Use',NULL,'950',NULL,NULL,NULL,NULL,NULL,NULL),(442,'Speaker',NULL,'Asset','18-01-2018','Sonata Electronic',NULL,'sonata Speaker','Sonata','226','In Use',NULL,'950',NULL,NULL,NULL,NULL,NULL,NULL),(443,'Speaker',NULL,'Asset','18-01-2018','Sonata Electronic',NULL,'sonata Speaker','Sonata','226','In Use',NULL,'950',NULL,NULL,NULL,NULL,NULL,NULL),(444,'Speaker',NULL,'Asset','18-01-2018','Sonata Electronic',NULL,'sonata Speaker','Sonata','226','In Use',NULL,'950',NULL,NULL,NULL,NULL,NULL,NULL),(445,'Speaker',NULL,'Asset','18-01-2018','Sonata Electronic',NULL,'sonata Speaker','Sonata','226','In Use',NULL,'950',NULL,NULL,NULL,NULL,NULL,NULL),(446,'Speaker',NULL,'Asset','18-01-2018','Sonata Electronic',NULL,'sonata Speaker','Sonata','226','In Use',NULL,'950',NULL,NULL,NULL,NULL,NULL,NULL),(447,'Speaker',NULL,'Asset','18-01-2018','Sonata Electronic',NULL,'sonata Speaker','Sonata','226','In Use',NULL,'950',NULL,NULL,NULL,NULL,NULL,NULL),(448,'Speaker',NULL,'Asset','18-01-2018','Sonata Electronic',NULL,'sonata Speaker','Sonata','226','In Use',NULL,'950',NULL,NULL,NULL,NULL,NULL,NULL),(449,'Speaker',NULL,'Asset','27-05-2023','Sonata Electronic',NULL,'Ahuja ceiling Speaker','ahuja','1840','In Use',NULL,'950',NULL,NULL,NULL,NULL,NULL,NULL),(450,'Speaker',NULL,'Asset','27-05-2023','Sonata Electronic',NULL,'Ahuja ceiling Speaker','ahuja','1840','In Use',NULL,'950',NULL,NULL,NULL,NULL,NULL,NULL),(451,'Speaker',NULL,'Asset','27-05-2023','Sonata Electronic',NULL,'Ahuja ceiling Speaker','ahuja','1840','In Use',NULL,'950',NULL,NULL,NULL,NULL,NULL,NULL),(452,'Speaker',NULL,'Asset','27-05-2023','Sonata Electronic',NULL,'Ahuja ceiling Speaker','ahuja','1840','In Use',NULL,'950',NULL,NULL,NULL,NULL,NULL,NULL),(453,'Speaker',NULL,'Asset','27-05-2023','Sonata Electronic',NULL,'Ahuja ceiling Speaker','ahuja','1840','In Use',NULL,'950',NULL,NULL,NULL,NULL,NULL,NULL),(454,'Speaker',NULL,'Asset','27-05-2023','Sonata Electronic',NULL,'Ahuja ceiling Speaker','ahuja','1840','In Use',NULL,'950',NULL,NULL,NULL,NULL,NULL,NULL),(455,'Speaker',NULL,'Asset','27-05-2023','Sonata Electronic',NULL,'Ahuja ceiling Speaker','ahuja','1840','In Use',NULL,'950',NULL,NULL,NULL,NULL,NULL,NULL),(456,'Speaker',NULL,'Asset','27-05-2023','Sonata Electronic',NULL,'Ahuja ceiling Speaker','ahuja','1840','In Use',NULL,'950',NULL,NULL,NULL,NULL,NULL,NULL),(457,'Speaker',NULL,'Asset','27-05-2023','Sonata Electronic',NULL,'Ahuja ceiling Speaker','Sonato ','1840','In Use',NULL,'950',NULL,NULL,NULL,NULL,NULL,NULL),(458,'Switches',NULL,'Asset','23-01-2018','SIMOS PERIHERALS',NULL,'HP 1820-48G- NON POE','J9984A','436','In Use',NULL,'37500',NULL,NULL,NULL,NULL,NULL,NULL),(459,'Switches',NULL,'Asset','23-01-2018','SIMOS PERIHERALS',NULL,'HP 1820-48G POE','J9981A','436','In Use',NULL,'52000',NULL,NULL,NULL,NULL,NULL,NULL),(460,'Switches',NULL,'Asset','23-01-2018','SIMOS PERIHERALS',NULL,'HP 1820-48G POE','J9981A','436','In Use',NULL,'52000',NULL,NULL,NULL,NULL,NULL,NULL),(461,'Switches',NULL,'Asset','26-05-2023','SIMOS PERIHERALS',NULL,'HP JL814A -Non POE','vn31kyf1yp','SPTL/097/23-23','In Use',NULL,'29700',NULL,NULL,NULL,NULL,NULL,NULL),(462,'Switches',NULL,'Asset','27-05-2023','SIMOS PERIHERALS',NULL,'HP JL814A -Non POE','vn31kyf2TK','SPTL/097/23-24','In Use',NULL,'29700',NULL,NULL,NULL,NULL,NULL,NULL),(463,'Switches',NULL,'Asset','28-05-2023','SIMOS PERIHERALS',NULL,'HP JL814A -Non POE','vn31kyf3N6','SPTL/097/23-24','In Use',NULL,'29700',NULL,NULL,NULL,NULL,NULL,NULL),(470,'CPU',NULL,'Asset','26-10-2023','KONET TECHNOLGY',NULL,'Asus prime H6103','R630KC146909NJ7','2620','In Use',NULL,'25910',NULL,NULL,NULL,NULL,NULL,NULL),(471,'CPU',NULL,'Asset','26-10-2023','KONET TECHNOLGY',NULL,'Asus prime H6103','R630KC146908XKV','2620','In Use',NULL,'25910',NULL,NULL,NULL,NULL,NULL,NULL),(472,'CPU',NULL,'Asset','26-10-2023','KONET TECHNOLGY',NULL,'Asus prime H6103','R630KC146907DTD','2620','In Use',NULL,'25910',NULL,NULL,NULL,NULL,NULL,NULL),(473,'CPU',NULL,'Asset','26-10-2023','KONET TECHNOLGY',NULL,'Asus prime H6103','R630KC1469053UK','2620','In Use',NULL,'25910',NULL,NULL,NULL,NULL,NULL,NULL),(474,'CPU',NULL,'Asset','26-10-2023','KONET TECHNOLGY',NULL,'Asus prime H6103','R630KC1469068TH','2620','In Use',NULL,'25910',NULL,NULL,NULL,NULL,NULL,NULL),(475,'Monitor',NULL,'Asset','26-10-2023','KONET TECHNOLGY',NULL,'D2020H','CNSYV3','2620','In Use',NULL,'6400',NULL,NULL,NULL,NULL,NULL,NULL),(476,'Monitor',NULL,'Asset','26-10-2023','KONET TECHNOLGY',NULL,'D2020H','CJQ4VV3','2620','In Use',NULL,'6400',NULL,NULL,NULL,NULL,NULL,NULL),(477,'Monitor',NULL,'Asset','26-10-2023','KONET TECHNOLGY',NULL,'D2020H','C8K4YV3','2620','In Use',NULL,'6400',NULL,NULL,NULL,NULL,NULL,NULL),(478,'Monitor',NULL,'Asset','26-10-2023','KONET TECHNOLGY',NULL,'D2020H','CJD4YV3','2620','In Use',NULL,'6400',NULL,NULL,NULL,NULL,NULL,NULL),(479,'Monitor',NULL,'Asset','26-10-2023','KONET TECHNOLGY',NULL,'D2020H','4V4B9V3','2620','In Use',NULL,'6400',NULL,NULL,NULL,NULL,NULL,NULL),(480,'Monitor',NULL,'Asset','26-10-2023','KONET TECHNOLGY',NULL,'D2020H','4Y5D9V3','2620','In Use',NULL,'6400',NULL,NULL,NULL,NULL,NULL,NULL),(481,'Monitor',NULL,'Asset','26-10-2023','KONET TECHNOLGY',NULL,'D2020H','BPX3YV3','2620','In Use',NULL,'6400',NULL,NULL,NULL,NULL,NULL,NULL),(482,'CCTV-camera',NULL,'Asset','27-01-2018','EYEON-WORLD',NULL,'DOOM CAM1','DOOM1','00227','In Use',NULL,'1770',NULL,NULL,NULL,NULL,NULL,NULL),(483,'CCTV-camera',NULL,'Asset','27-01-2018','EYEON-WORLD',NULL,'DOOM CAM2','DOOM2','00227','In Use',NULL,'1770',NULL,NULL,NULL,NULL,NULL,NULL),(484,'CCTV-camera',NULL,'Asset','27-01-2018','EYEON-WORLD',NULL,'DOOM CAM3','DOOM3','00227','In Use',NULL,'1770',NULL,NULL,NULL,NULL,NULL,NULL),(485,'CCTV-camera',NULL,'Asset','27-01-2018','EYEON-WORLD',NULL,'DOOM CAM4','DOOM4','00227','In Use',NULL,'1770',NULL,NULL,NULL,NULL,NULL,NULL),(486,'CCTV-camera',NULL,'Asset','27-01-2018','EYEON-WORLD',NULL,'DOOM CAM5','DOOM5','00227','In Use',NULL,'1770',NULL,NULL,NULL,NULL,NULL,NULL),(487,'CCTV-camera',NULL,'Asset','27-01-2018','EYEON-WORLD',NULL,'DOOM CAM6','DOOM6','00227','In Use',NULL,'1770',NULL,NULL,NULL,NULL,NULL,NULL),(488,'CCTV-camera',NULL,'Asset','27-01-2018','EYEON-WORLD',NULL,'DOOM CAM7','DOOM7','00227','In Use',NULL,'1770',NULL,NULL,NULL,NULL,NULL,NULL),(489,'CCTV-camera',NULL,'Asset','27-01-2018','EYEON-WORLD',NULL,'DOOM CAM8','DOOM8','00227','In Use',NULL,'1770',NULL,NULL,NULL,NULL,NULL,NULL),(490,'CCTV-camera',NULL,'Asset','09-05-2022','KALAMA VISION TECH',NULL,'Hikvision 2 Mb','Doom1','190164','In Use',NULL,'1250',NULL,NULL,NULL,NULL,NULL,NULL),(491,'CCTV-camera',NULL,'Asset','09-05-2022','KALAMA VISION TECH',NULL,'Hikvision 2 Mb','Doom2','190164','In Use',NULL,'1250',NULL,NULL,NULL,NULL,NULL,NULL),(492,'CCTV-camera',NULL,'Asset','09-05-2022','KALAMA VISION TECH',NULL,'Hikvision 2 Mb','Doom3','190164','In Use',NULL,'1250',NULL,NULL,NULL,NULL,NULL,NULL),(493,'CCTV-camera',NULL,'Asset','09-05-2022','KALAMA VISION TECH',NULL,'Hikvision 2 Mb','Doom4','190164','In Use',NULL,'1250',NULL,NULL,NULL,NULL,NULL,NULL),(494,'CCTV-camera',NULL,'Asset','09-05-2022','KALAMA VISION TECH',NULL,'Hikvision 2 Mb','Doom5','190164','In Use',NULL,'1250',NULL,NULL,NULL,NULL,NULL,NULL),(495,'CCTV-camera',NULL,'Asset','09-05-2022','KALAMA VISION TECH',NULL,'Hikvision 2 Mb','Doom6','190164','In Use',NULL,'1250',NULL,NULL,NULL,NULL,NULL,NULL),(496,'CCTV-camera',NULL,'Asset','09-05-2022','KALAMA VISION TECH',NULL,'Hikvision 2 Mb','Doom7','190164','In Use',NULL,'1250',NULL,NULL,NULL,NULL,NULL,NULL),(497,'CCTV-camera',NULL,'Asset','09-05-2022','KALAMA VISION TECH',NULL,'Fish Eye','Fish Eye','190164','In Use',NULL,'1907',NULL,NULL,NULL,NULL,NULL,NULL),(498,'CCTV-camera',NULL,'Asset','09-05-2022','KALAMA VISION TECH',NULL,'Fish Eye','Fish Eye','190164','In Use',NULL,'1907',NULL,NULL,NULL,NULL,NULL,NULL),(499,'CCTV-camera',NULL,'Asset','09-05-2022','KALAMA VISION TECH',NULL,'Fish Eye','Fish Eye','190164','In Use',NULL,'1907',NULL,NULL,NULL,NULL,NULL,NULL),(500,'CCTV-camera',NULL,'Asset','23-07-2023','KALAMA VISION TECH',NULL,'DOOM CAM8','DOOM10','KVT-23-24/188','In Use',NULL,'1593',NULL,NULL,NULL,NULL,NULL,NULL),(501,'CCTV-camera',NULL,'Asset','23-07-2023','KALAMA VISION TECH',NULL,'DOOM CAM8','DOOM11','KVT-23-24/188','In Use',NULL,'1593',NULL,NULL,NULL,NULL,NULL,NULL),(502,'CCTV-camera',NULL,'Asset','23-07-2023','KALAMA VISION TECH',NULL,'DOOM CAM8','DOOM12','KVT-23-24/188','In Use',NULL,'1593',NULL,NULL,NULL,NULL,NULL,NULL),(503,'CCTV-camera',NULL,'Asset','23-07-2023','KALAMA VISION TECH',NULL,'DOOM CAM8','DOOM13','KVT-23-24/188','In Use',NULL,'1593',NULL,NULL,NULL,NULL,NULL,NULL),(504,'CCTV-camera',NULL,'Asset','23-07-2023','KALAMA VISION TECH',NULL,'DOOM CAM8','DOOM14','KVT-23-24/188','In Use',NULL,'1593',NULL,NULL,NULL,NULL,NULL,NULL),(505,'CCTV-camera',NULL,'Asset','23-07-2023','KALAMA VISION TECH',NULL,'DOOM CAM8','DOOM15','KVT-23-24/188','In Use',NULL,'1593',NULL,NULL,NULL,NULL,NULL,NULL),(506,'CCTV-camera',NULL,'Asset','23-07-2023','KALAMA VISION TECH',NULL,'DOOM CAM8','DOOM16','KVT-23-24/188','In Use',NULL,'1593',NULL,NULL,NULL,NULL,NULL,NULL),(507,'CCTV-camera',NULL,'Asset','23-07-2023','KALAMA VISION TECH',NULL,'DOOM CAM8','DOOM17','KVT-23-24/188','In Use',NULL,'1593',NULL,NULL,NULL,NULL,NULL,NULL),(508,'CCTV-camera',NULL,'Asset','23-07-2023','KALAMA VISION TECH',NULL,'DOOM CAM8','DOOM9','KVT-23-24/188','In Use',NULL,'1593',NULL,NULL,NULL,NULL,NULL,NULL),(509,'CCTV-camera',NULL,'Asset','23-07-2023','KALAMA VISION TECH',NULL,'DOOM CAM8','DOOM17- EYE1','KVT-23-24/188','In Use',NULL,'2601',NULL,NULL,NULL,NULL,NULL,NULL),(510,'CCTV-camera',NULL,'Asset','23-07-2023','KALAMA VISION TECH',NULL,'DOOM CAM8','DOOM17- EYE1','KVT-23-24/188','In Use',NULL,'2601',NULL,NULL,NULL,NULL,NULL,NULL),(511,'CCTV-camera',NULL,'Asset','23-07-2023','KALAMA VISION TECH',NULL,'DOOM CAM8','DOOM17- EYE1','KVT-23-24/188','In Use',NULL,'2601',NULL,NULL,NULL,NULL,NULL,NULL),(512,'CCTV-camera',NULL,'Asset','23-07-2023','KALAMA VISION TECH',NULL,'DOOM CAM8','DOOM17- EYE1','KVT-23-24/188','In Use',NULL,'2601',NULL,NULL,NULL,NULL,NULL,NULL),(513,'CCTV-camera',NULL,'Asset','23-07-2023','KALAMA VISION TECH',NULL,'DOOM CAM8','DOOM17- EYE1','KVT-23-24/188','In Use',NULL,'2601',NULL,NULL,NULL,NULL,NULL,NULL),(514,'External-HDD',NULL,'Asset','11-08-2012','SARASWATHY COMPUTERS',NULL,'SEAGATE','2GHHBW5R','0183','In Use',NULL,'5800',NULL,NULL,NULL,NULL,NULL,NULL),(515,'External-HDD',NULL,'Asset','16-03-2016','SIMOS PERIHERALS',NULL,'SEAGATE - 1TB','NA83820V','0739','In Use',NULL,'4800',NULL,NULL,NULL,NULL,NULL,NULL),(516,'External-HDD',NULL,'Asset','13-05-2016','SREE COMPUTERS',NULL,'SEAGATE 1 TB','NA8N7XT5','0082','In Use',NULL,'4800',NULL,NULL,NULL,NULL,NULL,NULL),(517,'Extr-CD/DVD',NULL,'Asset','11-08-2012','SARASWATHY COMPUTERS',NULL,'TRANCEND DVD','A25098-1973','0183','In Use',NULL,'1950',NULL,NULL,NULL,NULL,NULL,NULL),(518,'patch-panel',NULL,'Asset','07-02-2018','SIMOS PERIHERALS',NULL,'Dllnk - 3','85389000','466','In Use',NULL,'3392',NULL,NULL,NULL,NULL,NULL,NULL),(519,'patch-panel',NULL,'Asset','07-02-2018','SIMOS PERIHERALS',NULL,'Dllnk - 3','85389000','466','In Use',NULL,'3392',NULL,NULL,NULL,NULL,NULL,NULL),(520,'patch-panel',NULL,'Asset','07-02-2018','SIMOS PERIHERALS',NULL,'Dllnk - 3','85389000','466','In Use',NULL,'3392',NULL,NULL,NULL,NULL,NULL,NULL),(521,'patch-panel',NULL,'Asset','29-04-2022','KONET TECHNOLGY',NULL,'Dlink 24 port','Dlink','255','In Use',NULL,'6000',NULL,NULL,NULL,NULL,NULL,NULL),(522,'patch-panel',NULL,'Asset','29-04-2022','KONET TECHNOLGY',NULL,'Dlink 24 port','Dlink','255','In Use',NULL,'6000',NULL,NULL,NULL,NULL,NULL,NULL),(523,'patch-panel',NULL,'Asset','29-04-2022','KONET TECHNOLGY',NULL,'Dlink 24 port','Dlink','255','In Use',NULL,'6000',NULL,NULL,NULL,NULL,NULL,NULL),(524,'patch-panel',NULL,'Asset','29-04-2022','KONET TECHNOLGY',NULL,'Dllnk - 3','8538','KTI-01278/23-24','In Use',NULL,'6950',NULL,NULL,NULL,NULL,NULL,NULL),(525,'patch-panel',NULL,'Asset','29-04-2022','KONET TECHNOLGY',NULL,'Dllnk - 3','8538','KTI-01278/23-24','In Use',NULL,'6950',NULL,NULL,NULL,NULL,NULL,NULL),(526,'patch-panel',NULL,'Asset','29-04-2022','KONET TECHNOLGY',NULL,'Dllnk - 3','8538','KTI-01278/23-24','In Use',NULL,'6950',NULL,NULL,NULL,NULL,NULL,NULL),(527,'patch-panel',NULL,'Asset','29-04-2022','KONET TECHNOLGY',NULL,'Dllnk - 3','8538','KTI-01278/23-24','In Use',NULL,'6950',NULL,NULL,NULL,NULL,NULL,NULL),(528,'Router-Small',NULL,'Asset','07-02-2018','KONET TECHNOLGY',NULL,'TL-WR841N','2185278009069','03555','In Use',NULL,'2124',NULL,NULL,NULL,NULL,NULL,NULL),(529,'SMS-ALART',NULL,'Asset','11-12-2019','KATHIR SUDHI AUTOMATION',NULL,'EB 3PHASE','8536','19249','In Use',NULL,'6000',NULL,NULL,NULL,NULL,NULL,NULL),(530,'Software-Adobe',NULL,'Asset','06-07-2012','PR COMPUTER CASTLE PVT LTD',NULL,'ADOBE10','ADOBE10','1054','In Use',NULL,'33785',NULL,NULL,NULL,NULL,NULL,NULL),(531,'Software-essl',NULL,'Asset','12-05-2023','SMART BIO SECURE',NULL,'ESSL - software host','85238020','EST/24/000042','In Use',NULL,'11000',NULL,NULL,NULL,NULL,NULL,NULL),(532,'Software-MS-office-pack',NULL,'Asset','11-07-2023','SIMOS PERIHERALS',NULL,'OFFICE LTSC PRO','DG7GMGF0D7FX','229','In Use',NULL,'45215',NULL,NULL,NULL,NULL,NULL,NULL),(533,'Software-office',NULL,'Asset','13-10-2018',NULL,NULL,'msoffice-9','msofce','009','In Use',NULL,'52021',NULL,NULL,NULL,NULL,NULL,NULL),(534,'Software-Outlook',NULL,'Asset','29-10-2020','NEXBASE TECHNOLOGIES',NULL,'MS-OUTLOOK','543-06601','1051','In Use',NULL,'10200',NULL,NULL,NULL,NULL,NULL,NULL),(535,'Software-Outlook',NULL,'Asset','13-10-2021','SIMOS PERIHERALS',NULL,'MS-OUTLOOK','OUTLOOK ','327','In Use',NULL,'14632',NULL,NULL,NULL,NULL,NULL,NULL),(536,'Software-Outlook',NULL,'Asset','13-10-2022','SIMOS PERIHERALS',NULL,'MS-OUTLOOK','DG7GMGF0D7FS','SPTL/381/22-23','In Use',NULL,'12500',NULL,NULL,NULL,NULL,NULL,NULL),(537,'Software-Outlook',NULL,'Asset','13-10-2022','SIMOS PERIHERALS',NULL,'MS-OUTLOOK','DG7GMGF0D7FS','SPTL/381/22-23','In Use',NULL,'12500',NULL,NULL,NULL,NULL,NULL,NULL),(538,'Software-windows',NULL,'Asset','30-05-2012','PR COMPUTER CASTLE PVT LTD',NULL,'WIN 7 PRO','WIN 7 PRO','613','In Use',NULL,'7904',NULL,NULL,NULL,NULL,NULL,NULL),(539,'Software-windows',NULL,'Asset','30-05-2012','PR COMPUTER CASTLE PVT LTD',NULL,'WIN 7 PRO','WIN 7 PRO','613','In Use',NULL,'7904',NULL,NULL,NULL,NULL,NULL,NULL),(540,'Software-windows',NULL,'Asset','30-05-2012','PR COMPUTER CASTLE PVT LTD',NULL,'WIN 7 PRO','WIN 7 PRO','613','In Use',NULL,'7904',NULL,NULL,NULL,NULL,NULL,NULL),(541,'Software-windows',NULL,'Asset','30-05-2012','PR COMPUTER CASTLE PVT LTD',NULL,'WIN 7 PRO','WIN 7 PRO','613','In Use',NULL,'7904',NULL,NULL,NULL,NULL,NULL,NULL),(542,'Software-windows',NULL,'Asset','11-08-2012','SARASWATHY COMPUTERS',NULL,'Win 7 OEM','Win 7 OEM','183','In Use',NULL,'8300',NULL,NULL,NULL,NULL,NULL,NULL),(543,'Software-windows',NULL,'Asset','11-08-2012','SARASWATHY COMPUTERS',NULL,'Win 7 OEM','Win 7 OEM','183','In Use',NULL,'8300',NULL,NULL,NULL,NULL,NULL,NULL),(544,'Software-windows',NULL,'Asset','11-08-2012','SARASWATHY COMPUTERS',NULL,'Win 7 OEM','Win 7 OEM','183','In Use',NULL,'8300',NULL,NULL,NULL,NULL,NULL,NULL),(545,'Software-windows',NULL,'Asset','11-08-2012','SARASWATHY COMPUTERS',NULL,'Win 7 OEM','Win 7 OEM','183','In Use',NULL,'8300',NULL,NULL,NULL,NULL,NULL,NULL),(546,'Software-windows',NULL,'Asset','11-08-2012','SARASWATHY COMPUTERS',NULL,'Win 7 OEM','Win 7 OEM','183','In Use',NULL,'8300',NULL,NULL,NULL,NULL,NULL,NULL),(547,'Software-windows',NULL,'Asset','11-08-2012','SARASWATHY COMPUTERS',NULL,'Win 7 OEM','Win 7 OEM','183','In Use',NULL,'8300',NULL,NULL,NULL,NULL,NULL,NULL),(548,'Software-windows',NULL,'Asset','11-08-2012','SARASWATHY COMPUTERS',NULL,'Win 7 OEM','Win 7 OEM','183','In Use',NULL,'8300',NULL,NULL,NULL,NULL,NULL,NULL),(549,'Software-windows',NULL,'Asset','11-08-2012','SARASWATHY COMPUTERS',NULL,'Win 7 OEM','Win 7 OEM','183','In Use',NULL,'8300',NULL,NULL,NULL,NULL,NULL,NULL),(550,'Software-windows',NULL,'Asset','11-08-2012','SARASWATHY COMPUTERS',NULL,'Win 7 OEM','Win 7 OEM','183','In Use',NULL,'8300',NULL,NULL,NULL,NULL,NULL,NULL),(551,'Software-windows',NULL,'Asset','11-08-2012','SARASWATHY COMPUTERS',NULL,'Win 7 OEM','Win 7 OEM','183','In Use',NULL,'8300',NULL,NULL,NULL,NULL,NULL,NULL),(552,'Software-windows',NULL,'Asset','11-08-2012','SARASWATHY COMPUTERS',NULL,'Win 7 OEM','Win 7 OEM','183','In Use',NULL,'8300',NULL,NULL,NULL,NULL,NULL,NULL),(553,'SOFTWARE-WINDOWS','NONE','Asset','03/10/2012','Saraswathy Computers','None','Win 7 Pro','32 BIT','SARASWATHY COMPUTERS','In Use','None','8550','','','','Select Status','',''),(554,'SOFTWARE-WINDOWS','NONE','Asset','03/10/2012','Saraswathy Computers','None','Win 7 Pro','32 BIT','SARASWATHY COMPUTERS','In Use','None','8550','','','','Select Status','',''),(555,'SOFTWARE-WINDOWS','NONE','Asset','03/10/2012','Saraswathy Computers','None','Win 7 Pro','32 BIT','SARASWATHY COMPUTERS','In Use','None','8550','','','','Select Status','',''),(556,'Software-windows',NULL,'Asset','19-12-2013','SREE COMPUTERS',NULL,'WIN 7 PRO','180459609519','1482','In Use',NULL,'8380',NULL,NULL,NULL,NULL,NULL,NULL),(557,'Software-windows',NULL,'Asset','19-12-2013','SREE COMPUTERS',NULL,'WIN 7 PRO','180459609518','1482','In Use',NULL,'8380',NULL,NULL,NULL,NULL,NULL,NULL),(558,'Software-windows',NULL,'Asset','14-11-2014','SREE COMPUTERS',NULL,'Win7 Pro','180461582550','1010','In Use',NULL,'8761',NULL,NULL,NULL,NULL,NULL,NULL),(559,'Software-windows',NULL,'Asset','15-02-2015','NEXBASE TECHNOLOGIES',NULL,'WIN 10 PRO','WIN 10 PRO','2879','In Use',NULL,'11700',NULL,NULL,NULL,NULL,NULL,NULL),(560,'Software-windows',NULL,'Asset','15-02-2015','NEXBASE TECHNOLOGIES',NULL,'WIN 10 PRO','WIN 10 PRO','2879','In Use',NULL,'11700',NULL,NULL,NULL,NULL,NULL,NULL),(561,'Software-windows',NULL,'Asset','15-09-2015','NEXBASE TECHNOLOGIES',NULL,'WIN 7 PRO','32 BIT OCM','1963','In Use',NULL,'9809',NULL,NULL,NULL,NULL,NULL,NULL),(562,'Software-windows',NULL,'Asset','15-09-2015','NEXBASE TECHNOLOGIES',NULL,'WIN 7 PRO','32 BIT OCM','1963','In Use',NULL,'9809',NULL,NULL,NULL,NULL,NULL,NULL),(563,'Software-windows',NULL,'Asset','10-08-2017','OMEGA COMPUTERS',NULL,'WIN 10 PRO','WIN 10 PRO','8','In Use',NULL,'10100',NULL,NULL,NULL,NULL,NULL,NULL),(564,'Software-windows',NULL,'Asset','10-08-2017','OMEGA COMPUTERS',NULL,'WIN 10 PRO','WIN 10 PRO','8','In Use',NULL,'10100',NULL,NULL,NULL,NULL,NULL,NULL),(565,'Software-windows',NULL,'Asset','19-04-2019','NEXBASE TECHNOLOGIES',NULL,'WIN10 PRO','WIN10','00123','In Use',NULL,'13878',NULL,NULL,NULL,NULL,NULL,NULL),(566,'Software-windows',NULL,'Asset','19-04-2019','NEXBASE TECHNOLOGIES',NULL,'Papper Win10 pro','FCQ-09478','00123','In Use',NULL,'13878',NULL,NULL,NULL,NULL,NULL,NULL),(567,'Software-windows',NULL,'Asset','12-12-2019','NEXBASE TECHNOLOGIES',NULL,'WIN 10 PRO','win10','1895','In Use',NULL,'11751',NULL,NULL,NULL,NULL,NULL,NULL),(568,'Software-windows',NULL,'Asset','12-12-2019','NEXBASE TECHNOLOGIES',NULL,'WIN 10 PRO','win10','1895','In Use',NULL,'11751',NULL,NULL,NULL,NULL,NULL,NULL),(569,'Software-windows',NULL,'Asset','26-07-2021','SIMOS PERIHERALS',NULL,'WIN 10 PRO','997331','113','In Use',NULL,'11200',NULL,NULL,NULL,NULL,NULL,NULL),(570,'Software-windows',NULL,'Asset','26-07-2021','SIMOS PERIHERALS',NULL,'WIN 10 PRO','997331','113','In Use',NULL,'11200',NULL,NULL,NULL,NULL,NULL,NULL),(571,'Software-windows',NULL,'Asset','26-07-2021','SIMOS PERIHERALS',NULL,'WIN 10 PRO','997331','113','In Use',NULL,'11200',NULL,NULL,NULL,NULL,NULL,NULL),(572,'Software-windows',NULL,'Asset','21-10-2021','SIMOS PERIHERALS',NULL,'WIN 10 PRO','997331','280','In Use',NULL,'11300',NULL,NULL,NULL,NULL,NULL,NULL),(573,'Software-windows',NULL,'Asset','21-10-2021','SIMOS PERIHERALS',NULL,'WIN 10 PRO','997331','280','In Use',NULL,'11300',NULL,NULL,NULL,NULL,NULL,NULL),(574,'Software-windows',NULL,'Asset','21-10-2021','SIMOS PERIHERALS',NULL,'WIN 10 PRO','997331','280','In Use',NULL,'11300',NULL,NULL,NULL,NULL,NULL,NULL),(575,'Software-windows',NULL,'Asset','21-10-2021','SIMOS PERIHERALS',NULL,'WIN 10 PRO','997331','280','In Use',NULL,'11300',NULL,NULL,NULL,NULL,NULL,NULL),(576,'Software-windows',NULL,'Asset','13-10-2022','SIMOS PERIHERALS',NULL,'WIN 11 PRO','DG7GMGF0L4TL','SPTL/381/22-23','In Use',NULL,'12900',NULL,NULL,NULL,NULL,NULL,NULL),(577,'Software-windows',NULL,'Asset','13-10-2022','SIMOS PERIHERALS',NULL,'WIN 11 PRO','DG7GMGF0L4TL','SPTL/381/22-23','In Use',NULL,'12900',NULL,NULL,NULL,NULL,NULL,NULL),(578,'Software-windows',NULL,'Asset','13-10-2022','SIMOS PERIHERALS',NULL,'WIN 11 PRO','DG7GMGF0L4TL','SPTL/381/22-23','In Use',NULL,'12900',NULL,NULL,NULL,NULL,NULL,NULL),(579,'Software-windows',NULL,'Asset','13-10-2022','SIMOS PERIHERALS',NULL,'WIN 11 PRO','DG7GMGF0L4TL','SPTL/381/22-23','In Use',NULL,'12900',NULL,NULL,NULL,NULL,NULL,NULL),(580,'Software-windows',NULL,'Asset','13-10-2022','SIMOS PERIHERALS',NULL,'WIN 11 PRO','DG7GMGF0L4TL','SPTL/381/22-23','In Use',NULL,'12900',NULL,NULL,NULL,NULL,NULL,NULL),(581,'Software-windows',NULL,'Asset','13-10-2022','SIMOS PERIHERALS',NULL,'WIN 11 PRO','DG7GMGF0L4TL','SPTL/381/22-23','In Use',NULL,'12900',NULL,NULL,NULL,NULL,NULL,NULL),(582,'Software-windows',NULL,'Asset','13-10-2022','SIMOS PERIHERALS',NULL,'WIN 11 PRO','DG7GMGF0L4TL','SPTL/381/22-23','In Use',NULL,'12900',NULL,NULL,NULL,NULL,NULL,NULL),(583,'Software-windows',NULL,'Asset','13-10-2022','SIMOS PERIHERALS',NULL,'WIN 11 PRO','DG7GMGF0L4TL','SPTL/381/22-23','In Use',NULL,'12900',NULL,NULL,NULL,NULL,NULL,NULL),(584,'Software-windows',NULL,'Asset','13-10-2022','SIMOS PERIHERALS',NULL,'WIN 11 PRO','DG7GMGF0L4TL','SPTL/381/22-23','In Use',NULL,'12900',NULL,NULL,NULL,NULL,NULL,NULL),(585,'Software-windows',NULL,'Asset','13-10-2022','SIMOS PERIHERALS',NULL,'WIN 11 PRO','DG7GMGF0L4TL','SPTL/381/22-23','In Use',NULL,'12900',NULL,NULL,NULL,NULL,NULL,NULL),(586,'Software-windows',NULL,'Asset','13-10-2022','SIMOS PERIHERALS',NULL,'WIN 11 PRO','DG7GMGF0L4TL','SPTL/381/22-23','In Use',NULL,'12900',NULL,NULL,NULL,NULL,NULL,NULL),(587,'Software-windows',NULL,'Asset','13-10-2022','SIMOS PERIHERALS',NULL,'WIN 11 PRO','DG7GMGF0L4TL','SPTL/381/22-23','In Use',NULL,'12900',NULL,NULL,NULL,NULL,NULL,NULL),(588,'Software-windows',NULL,'Asset','13-10-2022','SIMOS PERIHERALS',NULL,'WIN 11 PRO','DG7GMGF0L4TL','SPTL/381/22-23','In Use',NULL,'12900',NULL,NULL,NULL,NULL,NULL,NULL),(589,'Software-windows',NULL,'Asset','13-10-2022','SIMOS PERIHERALS',NULL,'WIN 11 PRO','DG7GMGF0L4TL','SPTL/381/22-23','In Use',NULL,'12900',NULL,NULL,NULL,NULL,NULL,NULL),(590,'Software-windows',NULL,'Asset','13-10-2022','SIMOS PERIHERALS',NULL,'WIN 11 PRO','DG7GMGF0L4TL','SPTL/381/22-23','In Use',NULL,'12900',NULL,NULL,NULL,NULL,NULL,NULL),(591,'Software-windows',NULL,'Asset','30-11-2022','SIMOS PERIHERALS',NULL,'Win 11 Pro','Dg7gmgf0l4tl','475','In Use',NULL,'12900',NULL,NULL,NULL,NULL,NULL,NULL),(592,'Software-windows',NULL,'Asset','30-11-2022','SIMOS PERIHERALS',NULL,'Win 11 Pro','Dg7gmgf0l4tl','475','In Use',NULL,'12900',NULL,NULL,NULL,NULL,NULL,NULL),(593,'Software-windows',NULL,'Asset','30-11-2022','SIMOS PERIHERALS',NULL,'Win 11 Pro','Dg7gmgf0l4tl','475','In Use',NULL,'12900',NULL,NULL,NULL,NULL,NULL,NULL),(594,'Software-windows',NULL,'Asset','30-11-2022','SIMOS PERIHERALS',NULL,'Win 11 Pro','Dg7gmgf0l4tl','475','In Use',NULL,'12900',NULL,NULL,NULL,NULL,NULL,NULL),(595,'Software-windows',NULL,'Asset','30-11-2022','SIMOS PERIHERALS',NULL,'Win 11 Pro','Dg7gmgf0l4tl','475','In Use',NULL,'12900',NULL,NULL,NULL,NULL,NULL,NULL),(596,'Software-windows',NULL,'Asset','30-11-2022','SIMOS PERIHERALS',NULL,'Win 11 Pro','Dg7gmgf0l4tl','475','In Use',NULL,'12900',NULL,NULL,NULL,NULL,NULL,NULL),(597,'Software-windows',NULL,'Asset','30-11-2022','SIMOS PERIHERALS',NULL,'Win 11 Pro','Dg7gmgf0l4tl','475','In Use',NULL,'12900',NULL,NULL,NULL,NULL,NULL,NULL),(598,'Software-windows',NULL,'Asset','30-11-2022','SIMOS PERIHERALS',NULL,'Win 11 Pro','Dg7gmgf0l4tl','475','In Use',NULL,'12900',NULL,NULL,NULL,NULL,NULL,NULL),(599,'Software-windows',NULL,'Asset','30-11-2022','SIMOS PERIHERALS',NULL,'Win 11 Pro','Dg7gmgf0l4tl','475','In Use',NULL,'12900',NULL,NULL,NULL,NULL,NULL,NULL),(600,'Software-windows',NULL,'Asset','30-11-2022','SIMOS PERIHERALS',NULL,'Win 11 Pro','Dg7gmgf0l4tl','475','In Use',NULL,'12900',NULL,NULL,NULL,NULL,NULL,NULL),(601,'Software-windows',NULL,'Asset','30-11-2022','SIMOS PERIHERALS',NULL,'Win 11 Pro','Dg7gmgf0l4tl','475','In Use',NULL,'12900',NULL,NULL,NULL,NULL,NULL,NULL),(602,'Software-windows',NULL,'Asset','30-11-2022','SIMOS PERIHERALS',NULL,'Win 11 Pro','Dg7gmgf0l4tl','475','In Use',NULL,'12900',NULL,NULL,NULL,NULL,NULL,NULL),(603,'Software-windows',NULL,'Asset','30-11-2022','SIMOS PERIHERALS',NULL,'Win 11 Pro','Dg7gmgf0l4tl','475','In Use',NULL,'12900',NULL,NULL,NULL,NULL,NULL,NULL),(604,'Software-windows',NULL,'Asset','30-11-2022','SIMOS PERIHERALS',NULL,'Win 11 Pro','Dg7gmgf0l4tl','475','In Use',NULL,'12900',NULL,NULL,NULL,NULL,NULL,NULL),(605,'Software-windows',NULL,'Asset','30-11-2022','SIMOS PERIHERALS',NULL,'Win 11 Pro','Dg7gmgf0l4tl','475','In Use',NULL,'12900',NULL,NULL,NULL,NULL,NULL,NULL),(606,'Software-windows',NULL,'Asset','08-06-2023','NEXBASE TECHNOLOGIES',NULL,'WIN11 PRO','DG7GMGF0L4TL','NIT/23-24/00323','In Use',NULL,'13500',NULL,NULL,NULL,NULL,NULL,NULL),(607,'Software-windows',NULL,'Asset','08-06-2023','NEXBASE TECHNOLOGIES',NULL,'WIN11 PRO','DG7GMGF0L4TL','NIT/23-24/00323','In Use',NULL,'13500',NULL,NULL,NULL,NULL,NULL,NULL),(608,'Software-windows',NULL,'Asset','08-06-2023','NEXBASE TECHNOLOGIES',NULL,'WIN11 PRO','DG7GMGF0L4TL','NIT/23-24/00323','In Use',NULL,'13500',NULL,NULL,NULL,NULL,NULL,NULL),(609,'Software-windows',NULL,'Asset','08-06-2023','NEXBASE TECHNOLOGIES',NULL,'WIN11 PRO','DG7GMGF0L4TL','NIT/23-24/00323','In Use',NULL,'13500',NULL,NULL,NULL,NULL,NULL,NULL),(610,'Software-windows',NULL,'Asset','08-06-2023','NEXBASE TECHNOLOGIES',NULL,'WIN11 PRO','DG7GMGF0L4TL','NIT/23-24/00323','In Use',NULL,'13500',NULL,NULL,NULL,NULL,NULL,NULL),(611,'Software-windows',NULL,'Asset','08-06-2023','NEXBASE TECHNOLOGIES',NULL,'WIN11 PRO','DG7GMGF0L4TL','NIT/23-24/00323','In Use',NULL,'13500',NULL,NULL,NULL,NULL,NULL,NULL),(612,'Software-windows',NULL,'Asset','08-06-2023','NEXBASE TECHNOLOGIES',NULL,'WIN11 PRO','DG7GMGF0L4TL','NIT/23-24/00323','In Use',NULL,'13500',NULL,NULL,NULL,NULL,NULL,NULL),(613,'Software-windows',NULL,'Asset','08-06-2023','NEXBASE TECHNOLOGIES',NULL,'WIN11 PRO','DG7GMGF0L4TL','NIT/23-24/00323','In Use',NULL,'13500',NULL,NULL,NULL,NULL,NULL,NULL),(614,'Software-windows',NULL,'Asset','08-06-2023','NEXBASE TECHNOLOGIES',NULL,'WIN11 PRO','DG7GMGF0L4TL','NIT/23-24/00323','In Use',NULL,'13500',NULL,NULL,NULL,NULL,NULL,NULL),(615,'Software-windows',NULL,'Asset','08-06-2023','NEXBASE TECHNOLOGIES',NULL,'WIN11 PRO','DG7GMGF0L4TL','NIT/23-24/00323','In Use',NULL,'13500',NULL,NULL,NULL,NULL,NULL,NULL),(616,'Software-windows',NULL,'Asset','09-08-2023','SIMOS PERIHERALS',NULL,'WIN 11 PRO','85238020','SPTL/303/23-24','In Use',NULL,'13550',NULL,NULL,NULL,NULL,NULL,NULL),(617,'Software-windows',NULL,'Asset','09-08-2023','SIMOS PERIHERALS',NULL,'WIN 11 PRO','85238020','SPTL/303/23-24','In Use',NULL,'13550',NULL,NULL,NULL,NULL,NULL,NULL),(618,'Software-windows',NULL,'Asset','09-08-2023','SIMOS PERIHERALS',NULL,'WIN 11 PRO','85238020','SPTL/303/23-24','In Use',NULL,'13550',NULL,NULL,NULL,NULL,NULL,NULL),(619,'Software-windows',NULL,'Asset','09-08-2023','SIMOS PERIHERALS',NULL,'WIN 11 PRO','85238020','SPTL/303/23-24','In Use',NULL,'13550',NULL,NULL,NULL,NULL,NULL,NULL),(620,'Software-windows',NULL,'Asset','09-08-2023','SIMOS PERIHERALS',NULL,'WIN 11 PRO','85238020','SPTL/303/23-24','In Use',NULL,'13550',NULL,NULL,NULL,NULL,NULL,NULL),(621,'Software-windows',NULL,'Asset','09-08-2023','SIMOS PERIHERALS',NULL,'WIN 11 PRO','85238020','SPTL/303/23-24','In Use',NULL,'13550',NULL,NULL,NULL,NULL,NULL,NULL),(622,'Software-windows',NULL,'Asset','09-08-2023','SIMOS PERIHERALS',NULL,'WIN 11 PRO','85238020','SPTL/303/23-24','In Use',NULL,'13550',NULL,NULL,NULL,NULL,NULL,NULL),(623,'Software-windows',NULL,'Asset','09-08-2023','SIMOS PERIHERALS',NULL,'WIN 11 PRO','85238020','SPTL/303/23-24','In Use',NULL,'13550',NULL,NULL,NULL,NULL,NULL,NULL),(624,'Software-windows',NULL,'Asset','09-08-2023','SIMOS PERIHERALS',NULL,'WIN 11 PRO','85238020','SPTL/303/23-24','In Use',NULL,'13550',NULL,NULL,NULL,NULL,NULL,NULL),(625,'Software-windows',NULL,'Asset','09-08-2023','SIMOS PERIHERALS',NULL,'WIN 11 PRO','85238020','SPTL/303/23-24','In Use',NULL,'13550',NULL,NULL,NULL,NULL,NULL,NULL),(626,'Software-windows',NULL,'Asset','09-08-2023','SIMOS PERIHERALS',NULL,'WIN 11 PRO','85238020','SPTL/303/23-24','In Use',NULL,'13550',NULL,NULL,NULL,NULL,NULL,NULL),(627,'Software-windows',NULL,'Asset','09-08-2023','SIMOS PERIHERALS',NULL,'WIN 11 PRO','85238020','SPTL/303/23-24','In Use',NULL,'13550',NULL,NULL,NULL,NULL,NULL,NULL),(628,'Software-windows',NULL,'Asset','09-08-2023','SIMOS PERIHERALS',NULL,'WIN 11 PRO','85238020','SPTL/303/23-24','In Use',NULL,'13550',NULL,NULL,NULL,NULL,NULL,NULL),(629,'Software-windows',NULL,'Asset','09-08-2023','SIMOS PERIHERALS',NULL,'WIN 11 PRO','85238020','SPTL/303/23-24','In Use',NULL,'13550',NULL,NULL,NULL,NULL,NULL,NULL),(630,'SOFTWARE-WINDOWS','NONE','Asset','09/08/2023','Simos Periherals','None','Win 11 Pro','85238020','SPTL/303/23-24','In Use','None','13550','','','','Select Status','',''),(631,'SOFTWARE-OFFICE','NONE','Asset','14/11/2014','Sree Computers','None','Msoffice-2013 Home & Bussiness','99994809614273','1010','In Use','None','12380','','','','Select Status','',''),(632,'TALLY-ERP','NONE','Asset','03/10/2012','Saraswathy Computers','None','Tally','TALLY01','SARASWATHY COMPUTERS','In Use','None','15650','','','','Select Status','',''),(633,'UPS-TRANSFORMER','NONE','Asset','07/07/2023','Pride Power Solutions','None','20Kva - Isolation Tranformer','85041010','PPS/082/23-24','In Use','None','42000','','','','Select Status','',''),(634,'UPS-WITH RACK','NONE','Asset','04/07/2014','Pts Technology','None','10 Kva - Emersen','140110ES1263','387','In Use','None','185560','','','','Select Status','',''),(635,'UPS-WITH RACK','NONE','Asset','07/07/2023','Pride Power Solutions','None','Ups 20Kva- Vertiv','210120174022333M2888','PPS/082/23-24','In Use','None','220000','','','','Select Status','',''),(636,'WATER-DISPANCER','NONE','Asset','15/11/2022','Sathya Agencies','None','Bluestar','BD3FMCGA','4092551','In Use','None','7755','','','','Select Status','',''),(637,'WATER-DISPANCER','NONE','Asset','18/08/2023','Sathya Agencies','None','Bluestar','BWD3FMCGA','4472','In Use','None','7902','','','','Select Status','',''),(641,'HEADPHONE','ABSIT93','Accessories','18/12/2023','Konet','Voix','Voix800V','VOIX800V323081511','','In Use','1Year','2500','None','Samson','','Select Status','',''),(642,'HEADPHONE','ABSIT92','Accessories','18/12/2023','Konet','Voix','Voix800V','VOIX800V323081363','','In Use','1Year','2500','None','Gopinath','','Select Status','',''),(643,'WINDOWS SERVER ','ABPITWS','Asset','18/12/2023','Microsoft','Dell','2016','WSMS2016','123','In Use','7Years','200000','It','It','Karthick','Select Status','','');
/*!40000 ALTER TABLE `asset_it_asset` ENABLE KEYS */;
UNLOCK TABLES;

--
-- Table structure for table `asset_voip`
--

DROP TABLE IF EXISTS `asset_voip`;
/*!40101 SET @saved_cs_client     = @@character_set_client */;
/*!50503 SET character_set_client = utf8mb4 */;
CREATE TABLE `asset_voip` (
  `id` bigint NOT NULL AUTO_INCREMENT,
  `vendor` varchar(50) DEFAULT NULL,
  `callbacknumber` varchar(50) DEFAULT NULL,
  `usernumber` varchar(50) DEFAULT NULL,
  `domain` varchar(50) DEFAULT NULL,
  `password` varchar(50) DEFAULT NULL,
  `username` varchar(50) DEFAULT NULL,
  `dop` varchar(50) DEFAULT NULL,
  `remarks` varchar(50) DEFAULT NULL,
  `status` varchar(50) DEFAULT NULL,
  PRIMARY KEY (`id`)
) ENGINE=InnoDB AUTO_INCREMENT=55 DEFAULT CHARSET=utf8mb4 COLLATE=utf8mb4_0900_ai_ci;
/*!40101 SET character_set_client = @saved_cs_client */;

--
-- Dumping data for table `asset_voip`
--

LOCK TABLES `asset_voip` WRITE;
/*!40000 ALTER TABLE `asset_voip` DISABLE KEYS */;
INSERT INTO `asset_voip` VALUES (3,'Pulse','14153761442','3000126','13.232.112.97:5182','Supaura@213','Vishal Grover.J','','','Select Status'),(4,'Pulse','14155992553','3000266','13.232.112.97:5182','AuraBpo@266','Sri Devi','','','Used'),(5,'Pulse','14156914363','3000267','13.232.112.97:5182','aurPul@321','Jagadha.S','','','Used'),(6,'Pulse','17327334498','2521001','43.205.17.19:5182','Aura@1001','Naveen','','','In Use'),(8,'Pulse','19252080476','3000127','13.232.112.97:5182','Aura@0127','Sivasankar.J','','','Used'),(9,'Pulse','14155498995','2523613','13.232.112.97:5182','Aupurase@1243','Sridhar','','','Used'),(10,'Pulse','14153666551','3000285','13.232.112.97:5182','Pulaur!123','Logeshwari/Irfan','','','Used'),(11,'Pulse','16025294485','4776520','13.232.112.97:5182','Aura@4776520','Tamilmaran','','','Used'),(12,'Siplink','14157675900','102_aurobpo.com','cloudpbx.siplink.in','aurobpo@123','Ishaque ahmed','','','Used'),(13,'Siplink','106_aurobpo.com','106_aurobpo.com','cloudpbx.siplink.in','aurobpo@123','Kishore','','','In Use'),(14,'Siplink','19179972992','105_aurobpo.com','cloudpbx.siplink.in','auro@123','Ravi','','','In Use'),(15,'Siplink','15102137235','103_aurobpo.com','cloudpbx.siplink.in','','auro@123','','','In Use'),(16,'Siplink','19252222591','107_aurobpo.com','cloudpbx.siplink.in','aurobpo@123','aurobpo@123','','','In Use'),(17,'Siplink','14152230727','101_aurobpo.com','cloudpbx.siplink.in','auro@123','Vaitheeswari',NULL,NULL,'In Use'),(18,'Siplink','15109371000','104_aurobpo.com','aurabpo.ucpbx.skyfallvoice.in','auro@123','Arunramanathan',NULL,NULL,'In Use'),(19,'Siplink','16172840067','108_aurobpo.com','cloudpbx.siplink.in','108@aurobpo.com','Hariharan T G',NULL,NULL,'In Use'),(20,'Siplink','16172840068','109_aurobpo.com','cloudpbx.siplink.in','aurobpo@123','Vimal',NULL,NULL,'In Use'),(21,'Siplink','16093570702','1092101','hostedpbx.siplink.in','aura@#101$!p','Benziger',NULL,NULL,'In Use'),(22,'Siplink','14804827660','1092102','hostedpbx.siplink.in','aura@#102$!p','Kishore.S',NULL,NULL,'In Use'),(23,'Siplink','19253018406','1092103','hostedpbx.siplink.in','aura@#103$!p','Gevin',NULL,NULL,'In Use'),(24,'Skyfall','14156902521','660061','aurabpo.ucpbx.skyfallvoice.in','aurabpo.ucpbx.skyfallvoice.in','Hrithik',NULL,'New','In Use'),(25,'Skyfall','14153660341','660057','aurabpo.ucpbx.skyfallvoice.in','hku87dsh34s','Sneha',NULL,NULL,'In Use'),(26,'Skyfall','6028541345/4153660357','660055','aurabpo.ucpbx.skyfallvoice.in','sdfkjy46jdse','Deepa',NULL,NULL,'In Use'),(27,'Skyfall','6233032334/4153660353','660054','aurabpo.ucpbx.skyfallvoice.in','hikari4ck873','Rajesh',NULL,NULL,'In Use'),(28,'Skyfall','14156902742','660060','aurabpo.ucpbx.skyfallvoice.in','dfjh8745jdf','Nandhan Gopalan',NULL,NULL,'In Use'),(29,'Skyfall','14156902741','660059','aurabpo.ucpbx.skyfallvoice.in','sdfkjh8634jjj','Shanmuga sundaram',NULL,NULL,'In Use'),(30,'Skyfall','14156901026','660058','aurabpo.ucpbx.skyfallvoice.in','dsfhj87jhdf','Samson',NULL,NULL,'In Use'),(31,'Skyfall','4153660141','660056','aurabpo.ucpbx.skyfallvoice.in','khsd68dfhs3','Sevanthi',NULL,NULL,'In Use'),(32,'Skyfall','14153660356','660051','aurabpo.ucpbx.skyfallvoice.in','bhsiy65e','Sundar',NULL,'2Sharing','In Use'),(33,'Skyfall','14153660351/user660052','660052','aurabpo.ucpbx.skyfallvoice.in','ghuh342dhye','Nxt to Hrithik',NULL,NULL,'In Use'),(34,'Skyfall','14153660352','660053','aurabpo.ucpbx.skyfallvoice.in','iye87dfh8jsdf','Yoga sir/Vinisha',NULL,'Jagathis','In Use'),(35,'Skyfall','14156918718','660062','aurabpo.ucpbx.skyfallvoice.in','gunjnrpthuuy','Yadesh',NULL,NULL,'In Use'),(36,'Skyfall','14808646061/15593385784','6684','aurabpo.ucpbx.skyfallvoice.in','7fhc7q3f4byd','Arun.A',NULL,NULL,'In Use'),(37,'Skyfall','16026494567','660063','aurabpo.ucpbx.skyfallvoice.in','r4anv3ccfqj5','Raghul',NULL,NULL,'In Use'),(38,'Skyfall','16028057898','660064','aurabpo.ucpbx.skyfallvoice.in','e8x5kz7vwdew','Rathina Devi/Hariharan.P',NULL,'Raghul','In Use'),(39,'Unified','19254123909',NULL,'199.180.221.9','941842','Ajesh',NULL,NULL,'In Use'),(40,'Unified','17037455162',NULL,'199.180.221.9','784319','Kishore.A/Arunprasath',NULL,'Vicky','In Use'),(41,'Unified','15109930733',NULL,'199.180.221.9','941841','Prakash',NULL,NULL,'In Use'),(42,'Unified','14152302983',NULL,'199.180.221.9','451887','Subham',NULL,NULL,'In Use'),(43,'Unified','19252389132',NULL,'199.180.221.9','846013','Dinesh Kumar',NULL,NULL,'In Use'),(44,'Unified','19252389648',NULL,'199.180.221.9','1248967','Yogesh',NULL,NULL,'In Use'),(45,'Unified','19252389452',NULL,'199.180.221.9','389756','Deepak',NULL,NULL,'In Use'),(46,'Unified','16025622149','16025622149','199.180.221.9','321351','Dinesh',NULL,NULL,'In Use'),(47,'Unified','19257263012','19257263012','199.180.221.9','168733','Kaviya',NULL,'2 Sharing','In Use'),(48,'Unified','19257263014','19257263014','199.180.221.9','763184','Vicky',NULL,NULL,'In Use');
/*!40000 ALTER TABLE `asset_voip` ENABLE KEYS */;
UNLOCK TABLES;

--
-- Table structure for table `auth_group`
--

DROP TABLE IF EXISTS `auth_group`;
/*!40101 SET @saved_cs_client     = @@character_set_client */;
/*!50503 SET character_set_client = utf8mb4 */;
CREATE TABLE `auth_group` (
  `id` int NOT NULL AUTO_INCREMENT,
  `name` varchar(150) NOT NULL,
  PRIMARY KEY (`id`),
  UNIQUE KEY `name` (`name`)
) ENGINE=InnoDB DEFAULT CHARSET=utf8mb4 COLLATE=utf8mb4_0900_ai_ci;
/*!40101 SET character_set_client = @saved_cs_client */;

--
-- Dumping data for table `auth_group`
--

LOCK TABLES `auth_group` WRITE;
/*!40000 ALTER TABLE `auth_group` DISABLE KEYS */;
/*!40000 ALTER TABLE `auth_group` ENABLE KEYS */;
UNLOCK TABLES;

--
-- Table structure for table `auth_group_permissions`
--

DROP TABLE IF EXISTS `auth_group_permissions`;
/*!40101 SET @saved_cs_client     = @@character_set_client */;
/*!50503 SET character_set_client = utf8mb4 */;
CREATE TABLE `auth_group_permissions` (
  `id` bigint NOT NULL AUTO_INCREMENT,
  `group_id` int NOT NULL,
  `permission_id` int NOT NULL,
  PRIMARY KEY (`id`),
  UNIQUE KEY `auth_group_permissions_group_id_permission_id_0cd325b0_uniq` (`group_id`,`permission_id`),
  KEY `auth_group_permissio_permission_id_84c5c92e_fk_auth_perm` (`permission_id`),
  CONSTRAINT `auth_group_permissio_permission_id_84c5c92e_fk_auth_perm` FOREIGN KEY (`permission_id`) REFERENCES `auth_permission` (`id`),
  CONSTRAINT `auth_group_permissions_group_id_b120cbf9_fk_auth_group_id` FOREIGN KEY (`group_id`) REFERENCES `auth_group` (`id`)
) ENGINE=InnoDB DEFAULT CHARSET=utf8mb4 COLLATE=utf8mb4_0900_ai_ci;
/*!40101 SET character_set_client = @saved_cs_client */;

--
-- Dumping data for table `auth_group_permissions`
--

LOCK TABLES `auth_group_permissions` WRITE;
/*!40000 ALTER TABLE `auth_group_permissions` DISABLE KEYS */;
/*!40000 ALTER TABLE `auth_group_permissions` ENABLE KEYS */;
UNLOCK TABLES;

--
-- Table structure for table `auth_permission`
--

DROP TABLE IF EXISTS `auth_permission`;
/*!40101 SET @saved_cs_client     = @@character_set_client */;
/*!50503 SET character_set_client = utf8mb4 */;
CREATE TABLE `auth_permission` (
  `id` int NOT NULL AUTO_INCREMENT,
  `name` varchar(255) NOT NULL,
  `content_type_id` int NOT NULL,
  `codename` varchar(100) NOT NULL,
  PRIMARY KEY (`id`),
  UNIQUE KEY `auth_permission_content_type_id_codename_01ab375a_uniq` (`content_type_id`,`codename`),
  CONSTRAINT `auth_permission_content_type_id_2f476e4b_fk_django_co` FOREIGN KEY (`content_type_id`) REFERENCES `django_content_type` (`id`)
) ENGINE=InnoDB AUTO_INCREMENT=61 DEFAULT CHARSET=utf8mb4 COLLATE=utf8mb4_0900_ai_ci;
/*!40101 SET character_set_client = @saved_cs_client */;

--
-- Dumping data for table `auth_permission`
--

LOCK TABLES `auth_permission` WRITE;
/*!40000 ALTER TABLE `auth_permission` DISABLE KEYS */;
INSERT INTO `auth_permission` VALUES (1,'Can add log entry',1,'add_logentry'),(2,'Can change log entry',1,'change_logentry'),(3,'Can delete log entry',1,'delete_logentry'),(4,'Can view log entry',1,'view_logentry'),(5,'Can add permission',2,'add_permission'),(6,'Can change permission',2,'change_permission'),(7,'Can delete permission',2,'delete_permission'),(8,'Can view permission',2,'view_permission'),(9,'Can add group',3,'add_group'),(10,'Can change group',3,'change_group'),(11,'Can delete group',3,'delete_group'),(12,'Can view group',3,'view_group'),(13,'Can add user',4,'add_user'),(14,'Can change user',4,'change_user'),(15,'Can delete user',4,'delete_user'),(16,'Can view user',4,'view_user'),(17,'Can add content type',5,'add_contenttype'),(18,'Can change content type',5,'change_contenttype'),(19,'Can delete content type',5,'delete_contenttype'),(20,'Can view content type',5,'view_contenttype'),(21,'Can add session',6,'add_session'),(22,'Can change session',6,'change_session'),(23,'Can delete session',6,'delete_session'),(24,'Can view session',6,'view_session'),(25,'Can add asset',7,'add_asset'),(26,'Can change asset',7,'change_asset'),(27,'Can delete asset',7,'delete_asset'),(28,'Can view asset',7,'view_asset'),(29,'Can add cred',8,'add_cred'),(30,'Can change cred',8,'change_cred'),(31,'Can delete cred',8,'delete_cred'),(32,'Can view cred',8,'view_cred'),(33,'Can add voip',9,'add_voip'),(34,'Can change voip',9,'change_voip'),(35,'Can delete voip',9,'delete_voip'),(36,'Can view voip',9,'view_voip'),(37,'Can add it_asset',7,'add_it_asset'),(38,'Can change it_asset',7,'change_it_asset'),(39,'Can delete it_asset',7,'delete_it_asset'),(40,'Can view it_asset',7,'view_it_asset'),(41,'Can add cred',10,'add_cred'),(42,'Can change cred',10,'change_cred'),(43,'Can delete cred',10,'delete_cred'),(44,'Can view cred',10,'view_cred'),(45,'Can add process',11,'add_process'),(46,'Can change process',11,'change_process'),(47,'Can delete process',11,'delete_process'),(48,'Can view process',11,'view_process'),(49,'Can add project',12,'add_project'),(50,'Can change project',12,'change_project'),(51,'Can delete project',12,'delete_project'),(52,'Can view project',12,'view_project'),(53,'Can add data',13,'add_data'),(54,'Can change data',13,'change_data'),(55,'Can delete data',13,'delete_data'),(56,'Can view data',13,'view_data'),(57,'Can add dashboard',14,'add_dashboard'),(58,'Can change dashboard',14,'change_dashboard'),(59,'Can delete dashboard',14,'delete_dashboard'),(60,'Can view dashboard',14,'view_dashboard');
/*!40000 ALTER TABLE `auth_permission` ENABLE KEYS */;
UNLOCK TABLES;

--
-- Table structure for table `auth_user`
--

DROP TABLE IF EXISTS `auth_user`;
/*!40101 SET @saved_cs_client     = @@character_set_client */;
/*!50503 SET character_set_client = utf8mb4 */;
CREATE TABLE `auth_user` (
  `id` int NOT NULL AUTO_INCREMENT,
  `password` varchar(128) NOT NULL,
  `last_login` datetime(6) DEFAULT NULL,
  `is_superuser` tinyint(1) NOT NULL,
  `username` varchar(150) NOT NULL,
  `first_name` varchar(150) NOT NULL,
  `last_name` varchar(150) NOT NULL,
  `email` varchar(254) NOT NULL,
  `is_staff` tinyint(1) NOT NULL,
  `is_active` tinyint(1) NOT NULL,
  `date_joined` datetime(6) NOT NULL,
  PRIMARY KEY (`id`),
  UNIQUE KEY `username` (`username`)
) ENGINE=InnoDB AUTO_INCREMENT=3 DEFAULT CHARSET=utf8mb4 COLLATE=utf8mb4_0900_ai_ci;
/*!40101 SET character_set_client = @saved_cs_client */;

--
-- Dumping data for table `auth_user`
--

LOCK TABLES `auth_user` WRITE;
/*!40000 ALTER TABLE `auth_user` DISABLE KEYS */;
INSERT INTO `auth_user` VALUES (1,'pbkdf2_sha256$600000$NnRe3hC6Ym2DqDCugbx8ls$/Mx2xJHb8U73nte3qhiMhBSN/GJVNNmFJsF/WJUzfxE=','2023-12-19 22:24:07.160743',1,'karthick','','','',1,1,'2023-10-17 22:41:51.006061'),(2,'pbkdf2_sha256$600000$o2w8oiuL5VFeM9xQsEucu8$8TUlfMzMnFVjHoHFOJ2ZAZzIvfoKtQ3ndz++cc6/VUI=','2023-11-10 08:14:45.292180',1,'karthick01','','','',1,1,'2023-11-10 08:12:51.190321');
/*!40000 ALTER TABLE `auth_user` ENABLE KEYS */;
UNLOCK TABLES;

--
-- Table structure for table `auth_user_groups`
--

DROP TABLE IF EXISTS `auth_user_groups`;
/*!40101 SET @saved_cs_client     = @@character_set_client */;
/*!50503 SET character_set_client = utf8mb4 */;
CREATE TABLE `auth_user_groups` (
  `id` bigint NOT NULL AUTO_INCREMENT,
  `user_id` int NOT NULL,
  `group_id` int NOT NULL,
  PRIMARY KEY (`id`),
  UNIQUE KEY `auth_user_groups_user_id_group_id_94350c0c_uniq` (`user_id`,`group_id`),
  KEY `auth_user_groups_group_id_97559544_fk_auth_group_id` (`group_id`),
  CONSTRAINT `auth_user_groups_group_id_97559544_fk_auth_group_id` FOREIGN KEY (`group_id`) REFERENCES `auth_group` (`id`),
  CONSTRAINT `auth_user_groups_user_id_6a12ed8b_fk_auth_user_id` FOREIGN KEY (`user_id`) REFERENCES `auth_user` (`id`)
) ENGINE=InnoDB DEFAULT CHARSET=utf8mb4 COLLATE=utf8mb4_0900_ai_ci;
/*!40101 SET character_set_client = @saved_cs_client */;

--
-- Dumping data for table `auth_user_groups`
--

LOCK TABLES `auth_user_groups` WRITE;
/*!40000 ALTER TABLE `auth_user_groups` DISABLE KEYS */;
/*!40000 ALTER TABLE `auth_user_groups` ENABLE KEYS */;
UNLOCK TABLES;

--
-- Table structure for table `auth_user_user_permissions`
--

DROP TABLE IF EXISTS `auth_user_user_permissions`;
/*!40101 SET @saved_cs_client     = @@character_set_client */;
/*!50503 SET character_set_client = utf8mb4 */;
CREATE TABLE `auth_user_user_permissions` (
  `id` bigint NOT NULL AUTO_INCREMENT,
  `user_id` int NOT NULL,
  `permission_id` int NOT NULL,
  PRIMARY KEY (`id`),
  UNIQUE KEY `auth_user_user_permissions_user_id_permission_id_14a6b632_uniq` (`user_id`,`permission_id`),
  KEY `auth_user_user_permi_permission_id_1fbb5f2c_fk_auth_perm` (`permission_id`),
  CONSTRAINT `auth_user_user_permi_permission_id_1fbb5f2c_fk_auth_perm` FOREIGN KEY (`permission_id`) REFERENCES `auth_permission` (`id`),
  CONSTRAINT `auth_user_user_permissions_user_id_a95ead1b_fk_auth_user_id` FOREIGN KEY (`user_id`) REFERENCES `auth_user` (`id`)
) ENGINE=InnoDB DEFAULT CHARSET=utf8mb4 COLLATE=utf8mb4_0900_ai_ci;
/*!40101 SET character_set_client = @saved_cs_client */;

--
-- Dumping data for table `auth_user_user_permissions`
--

LOCK TABLES `auth_user_user_permissions` WRITE;
/*!40000 ALTER TABLE `auth_user_user_permissions` DISABLE KEYS */;
/*!40000 ALTER TABLE `auth_user_user_permissions` ENABLE KEYS */;
UNLOCK TABLES;

--
-- Table structure for table `django_admin_log`
--

DROP TABLE IF EXISTS `django_admin_log`;
/*!40101 SET @saved_cs_client     = @@character_set_client */;
/*!50503 SET character_set_client = utf8mb4 */;
CREATE TABLE `django_admin_log` (
  `id` int NOT NULL AUTO_INCREMENT,
  `action_time` datetime(6) NOT NULL,
  `object_id` longtext,
  `object_repr` varchar(200) NOT NULL,
  `action_flag` smallint unsigned NOT NULL,
  `change_message` longtext NOT NULL,
  `content_type_id` int DEFAULT NULL,
  `user_id` int NOT NULL,
  PRIMARY KEY (`id`),
  KEY `django_admin_log_content_type_id_c4bce8eb_fk_django_co` (`content_type_id`),
  KEY `django_admin_log_user_id_c564eba6_fk_auth_user_id` (`user_id`),
  CONSTRAINT `django_admin_log_content_type_id_c4bce8eb_fk_django_co` FOREIGN KEY (`content_type_id`) REFERENCES `django_content_type` (`id`),
  CONSTRAINT `django_admin_log_user_id_c564eba6_fk_auth_user_id` FOREIGN KEY (`user_id`) REFERENCES `auth_user` (`id`),
  CONSTRAINT `django_admin_log_chk_1` CHECK ((`action_flag` >= 0))
) ENGINE=InnoDB AUTO_INCREMENT=207 DEFAULT CHARSET=utf8mb4 COLLATE=utf8mb4_0900_ai_ci;
/*!40101 SET character_set_client = @saved_cs_client */;

--
-- Dumping data for table `django_admin_log`
--

LOCK TABLES `django_admin_log` WRITE;
/*!40000 ALTER TABLE `django_admin_log` DISABLE KEYS */;
INSERT INTO `django_admin_log` VALUES (1,'2023-10-17 22:47:17.815177','1','ABSPL188',1,'[{\"added\": {}}]',8,1),(2,'2023-10-26 17:41:01.957083','2','test',1,'[{\"added\": {}}]',8,1),(3,'2023-10-26 17:41:42.164475','2','test',2,'[{\"changed\": {\"fields\": [\"Dept\"]}}]',8,1),(4,'2023-10-26 17:43:07.076086','2','test',2,'[{\"changed\": {\"fields\": [\"Password\"]}}]',8,1),(5,'2023-10-26 17:44:25.972192','2','test',2,'[{\"changed\": {\"fields\": [\"Dept\"]}}]',8,1),(6,'2023-10-31 16:07:07.064129','2','test',2,'[]',8,1),(7,'2023-10-31 16:38:00.203873','2','test',2,'[]',8,1),(8,'2023-11-03 18:11:21.465901','2','test',3,'',8,1),(9,'2023-11-07 06:11:49.269573','1','abspl188',1,'[{\"added\": {}}]',10,1),(10,'2023-11-07 06:12:27.293771','1','High Point',1,'[{\"added\": {}}]',12,1),(11,'2023-11-07 06:12:35.509751','2','Humphreys Peak',1,'[{\"added\": {}}]',12,1),(12,'2023-11-07 06:12:42.924194','3','Mount Rainnier',1,'[{\"added\": {}}]',12,1),(13,'2023-11-07 06:12:47.052577','4','Mount Sunflower',1,'[{\"added\": {}}]',12,1),(14,'2023-11-07 06:12:49.499749','5','HR',1,'[{\"added\": {}}]',12,1),(15,'2023-11-07 06:12:51.708580','6','IT',1,'[{\"added\": {}}]',12,1),(16,'2023-11-07 06:13:05.702337','1','Eyebeam Configuration',1,'[{\"added\": {}}]',11,1),(17,'2023-11-07 06:13:10.957352','2','VPN',1,'[{\"added\": {}}]',11,1),(18,'2023-11-07 06:13:18.613352','3','Application',1,'[{\"added\": {}}]',11,1),(19,'2023-11-07 06:13:21.318632','4','CDR',1,'[{\"added\": {}}]',11,1),(20,'2023-11-07 06:13:29.469609','5','Mail',1,'[{\"added\": {}}]',11,1),(21,'2023-11-07 06:13:33.518303','6','Claims',1,'[{\"added\": {}}]',11,1),(22,'2023-11-07 06:13:39.486618','7','Claims',1,'[{\"added\": {}}]',11,1),(23,'2023-11-07 06:13:43.965330','8','Claims',1,'[{\"added\": {}}]',11,1),(24,'2023-11-07 06:13:48.573013','9','Tickets',1,'[{\"added\": {}}]',11,1),(25,'2023-11-07 06:13:58.068570','10','Pip Ticket',1,'[{\"added\": {}}]',11,1),(26,'2023-11-08 11:57:29.069954','1','dashboard object (1)',1,'[{\"added\": {}}]',14,1),(27,'2023-11-08 11:57:48.628004','2','dashboard object (2)',1,'[{\"added\": {}}]',14,1),(28,'2023-11-08 11:58:09.172894','2','dashboard object (2)',3,'',14,1),(29,'2023-11-08 11:58:09.175422','1','dashboard object (1)',3,'',14,1),(30,'2023-11-08 12:00:04.058315','3','dashboard object (3)',1,'[{\"added\": {}}]',14,1),(31,'2023-11-08 12:00:09.610382','4','dashboard object (4)',1,'[{\"added\": {}}]',14,1),(32,'2023-11-08 12:00:19.248344','5','dashboard object (5)',1,'[{\"added\": {}}]',14,1),(33,'2023-11-11 06:49:58.305701','6','Camera',1,'[{\"added\": {}}]',14,1),(34,'2023-11-11 06:50:16.121328','7','Amplifier',1,'[{\"added\": {}}]',14,1),(35,'2023-11-11 06:51:10.994769','6','CCTV - camera',2,'[{\"changed\": {\"fields\": [\"Title\"]}}]',14,1),(36,'2023-11-15 17:33:19.734266','8','assets',1,'[{\"added\": {}}]',14,1),(37,'2023-11-15 17:45:03.308153','8','Asset',2,'[{\"changed\": {\"fields\": [\"Title\"]}}]',14,1),(38,'2023-11-15 17:45:28.324379','8','Asset',2,'[]',14,1),(39,'2023-11-15 18:36:50.520099','9','Accessories',1,'[{\"added\": {}}]',14,1),(40,'2023-11-15 18:37:48.634964','9','Accessories',3,'',14,1),(41,'2023-11-17 22:32:47.474125','10','Software - windows',1,'[{\"added\": {}}]',14,1),(42,'2023-11-17 22:33:17.859150','11','projector',1,'[{\"added\": {}}]',14,1),(43,'2023-11-17 22:33:23.499320','12','Printer',1,'[{\"added\": {}}]',14,1),(44,'2023-11-17 22:33:27.387523','13','patch panel',1,'[{\"added\": {}}]',14,1),(45,'2023-11-20 19:54:06.723727','1','abspl188',1,'[{\"added\": {}}]',8,1),(46,'2023-11-20 20:26:14.849330','10','Software - windows',3,'',14,1),(47,'2023-11-20 20:26:40.967338','13','patch panel',2,'[]',14,1),(48,'2023-11-20 20:26:49.695213','13','patch panel',3,'',14,1),(49,'2023-11-20 20:48:00.378587','469','Water Dispancer',3,'',7,1),(50,'2023-11-20 20:48:00.381560','468','Water Dispancer',3,'',7,1),(51,'2023-11-20 20:48:00.383021','467','UPS with Rack',3,'',7,1),(52,'2023-11-20 20:48:00.384055','466','UPS with Rack',3,'',7,1),(53,'2023-11-20 20:48:00.385887','465','UPS -transformer',3,'',7,1),(54,'2023-11-20 20:48:00.387322','464','Tally ERP',3,'',7,1),(55,'2023-11-20 20:48:15.111579','438','Software - windows',3,'',7,1),(56,'2023-11-20 20:48:15.114210','437','Software - windows',3,'',7,1),(57,'2023-11-20 20:48:15.115555','436','Software - windows',3,'',7,1),(58,'2023-11-20 20:48:15.116939','435','Software - windows',3,'',7,1),(59,'2023-11-20 20:48:15.117939','434','Software - windows',3,'',7,1),(60,'2023-11-20 20:48:15.119645','433','Software - windows',3,'',7,1),(61,'2023-11-20 20:48:15.121074','432','Software - windows',3,'',7,1),(62,'2023-11-20 20:48:15.122102','431','Software - windows',3,'',7,1),(63,'2023-11-20 20:48:15.123733','430','Software - windows',3,'',7,1),(64,'2023-11-20 20:48:15.124977','429','Software - windows',3,'',7,1),(65,'2023-11-20 20:48:15.126149','428','Software - windows',3,'',7,1),(66,'2023-11-20 20:48:15.127401','427','Software - windows',3,'',7,1),(67,'2023-11-20 20:48:15.128565','426','Software - windows',3,'',7,1),(68,'2023-11-20 20:48:15.129767','425','Software - windows',3,'',7,1),(69,'2023-11-20 20:48:15.130924','424','Software - windows',3,'',7,1),(70,'2023-11-20 20:48:15.131557','423','Software - windows',3,'',7,1),(71,'2023-11-20 20:48:15.132557','422','Software - windows',3,'',7,1),(72,'2023-11-20 20:48:15.134554','421','Software - windows',3,'',7,1),(73,'2023-11-20 20:48:15.136595','420','Software - windows',3,'',7,1),(74,'2023-11-20 20:48:15.138112','419','Software - windows',3,'',7,1),(75,'2023-11-20 20:48:15.139299','418','Software - windows',3,'',7,1),(76,'2023-11-20 20:48:15.140487','417','Software - windows',3,'',7,1),(77,'2023-11-20 20:48:15.141623','416','Software - windows',3,'',7,1),(78,'2023-11-20 20:48:15.142754','415','Software - windows',3,'',7,1),(79,'2023-11-20 20:48:15.143877','414','Software - windows',3,'',7,1),(80,'2023-11-20 20:48:15.144962','413','Software - windows',3,'',7,1),(81,'2023-11-20 20:48:15.146118','412','Software - windows',3,'',7,1),(82,'2023-11-20 20:48:15.147286','411','Software - windows',3,'',7,1),(83,'2023-11-20 20:48:15.148295','410','Software - windows',3,'',7,1),(84,'2023-11-20 20:48:15.150290','409','Software - windows',3,'',7,1),(85,'2023-11-20 20:48:15.152309','408','Software - windows',3,'',7,1),(86,'2023-11-20 20:48:15.153652','407','Software - windows',3,'',7,1),(87,'2023-11-20 20:48:15.154867','406','Software - windows',3,'',7,1),(88,'2023-11-20 20:48:15.156031','405','Software - windows',3,'',7,1),(89,'2023-11-20 20:48:15.157175','404','Software - windows',3,'',7,1),(90,'2023-11-20 20:48:15.158315','403','Software - windows',3,'',7,1),(91,'2023-11-20 20:48:15.159453','402','Software - windows',3,'',7,1),(92,'2023-11-20 20:48:15.160603','401','Software - windows',3,'',7,1),(93,'2023-11-20 20:48:15.161742','400','Software - windows',3,'',7,1),(94,'2023-11-20 20:48:15.162836','399','Software - windows',3,'',7,1),(95,'2023-11-20 20:48:15.163423','398','Software - windows',3,'',7,1),(96,'2023-11-20 20:48:15.165130','397','Software - windows',3,'',7,1),(97,'2023-11-20 20:48:15.166557','396','Software - windows',3,'',7,1),(98,'2023-11-20 20:48:15.167689','395','Software - windows',3,'',7,1),(99,'2023-11-20 20:48:15.168965','394','Software - windows',3,'',7,1),(100,'2023-11-20 20:48:15.170207','393','Software - windows',3,'',7,1),(101,'2023-11-20 20:48:15.171398','392','Software - windows',3,'',7,1),(102,'2023-11-20 20:48:15.172686','391','Software - windows',3,'',7,1),(103,'2023-11-20 20:48:15.173871','390','Software - windows',3,'',7,1),(104,'2023-11-20 20:48:15.175013','389','Software - windows',3,'',7,1),(105,'2023-11-20 20:48:15.176228','388','Software - windows',3,'',7,1),(106,'2023-11-20 20:48:15.177452','387','Software - windows',3,'',7,1),(107,'2023-11-20 20:48:15.178503','386','Software - windows',3,'',7,1),(108,'2023-11-20 20:48:15.179510','385','Software - windows',3,'',7,1),(109,'2023-11-20 20:48:15.180926','384','Software - windows',3,'',7,1),(110,'2023-11-20 20:48:15.182502','383','Software - windows',3,'',7,1),(111,'2023-11-20 20:48:15.183632','382','Software - windows',3,'',7,1),(112,'2023-11-20 20:48:15.184794','381','Software - windows',3,'',7,1),(113,'2023-11-20 20:48:15.185987','380','Software - windows',3,'',7,1),(114,'2023-11-20 20:48:15.187177','379','Software - windows',3,'',7,1),(115,'2023-11-20 20:48:15.188397','378','Software - windows',3,'',7,1),(116,'2023-11-20 20:48:15.189596','377','Software - windows',3,'',7,1),(117,'2023-11-20 20:48:15.190694','376','Software - windows',3,'',7,1),(118,'2023-11-20 20:48:32.316988','375','Software - windows',3,'',7,1),(119,'2023-11-20 20:48:32.319407','374','Software - windows',3,'',7,1),(120,'2023-11-20 20:48:32.320818','373','Software - windows',3,'',7,1),(121,'2023-11-20 20:48:32.322438','372','Software - windows',3,'',7,1),(122,'2023-11-20 20:48:32.323894','371','Software - windows',3,'',7,1),(123,'2023-11-20 20:48:32.325519','370','Software - windows',3,'',7,1),(124,'2023-11-20 20:48:32.326835','369','Software - windows',3,'',7,1),(125,'2023-11-20 20:48:32.328071','368','Software - windows',3,'',7,1),(126,'2023-11-20 20:48:32.329251','367','Software - windows',3,'',7,1),(127,'2023-11-20 20:48:32.330414','366','Software - windows',3,'',7,1),(128,'2023-11-20 20:48:32.331568','365','Software - windows',3,'',7,1),(129,'2023-11-20 20:48:32.332524','364','Software - windows',3,'',7,1),(130,'2023-11-20 20:48:32.333639','363','Software - windows',3,'',7,1),(131,'2023-11-20 20:48:32.334745','362','Software - windows',3,'',7,1),(132,'2023-11-20 20:48:32.335878','361','Software - windows',3,'',7,1),(133,'2023-11-20 20:48:32.336886','360','Software - windows',3,'',7,1),(134,'2023-11-20 20:48:32.338017','359','Software - windows',3,'',7,1),(135,'2023-11-20 20:48:32.340812','358','Software - windows',3,'',7,1),(136,'2023-11-20 20:48:32.341814','357','Software - windows',3,'',7,1),(137,'2023-11-20 20:48:32.343072','356','Software - windows',3,'',7,1),(138,'2023-11-20 20:48:32.344149','355','Software - windows',3,'',7,1),(139,'2023-11-20 20:48:32.345376','354','Software - windows',3,'',7,1),(140,'2023-11-20 20:48:32.346532','353','Software - windows',3,'',7,1),(141,'2023-11-20 20:48:32.347673','352','Software - windows',3,'',7,1),(142,'2023-11-20 20:48:32.348732','351','Software - windows',3,'',7,1),(143,'2023-11-20 20:48:32.349820','350','Software - windows',3,'',7,1),(144,'2023-11-20 20:48:32.350887','349','Software - windows',3,'',7,1),(145,'2023-11-20 20:48:32.351994','348','Software - windows',3,'',7,1),(146,'2023-11-20 20:48:32.353157','347','Software - windows',3,'',7,1),(147,'2023-11-20 20:48:32.353880','346','Software - windows',3,'',7,1),(148,'2023-11-20 20:48:32.355875','345','Software - Outlook',3,'',7,1),(149,'2023-11-20 20:48:32.356875','344','Software - Outlook',3,'',7,1),(150,'2023-11-20 20:48:32.358526','343','Software - Outlook',3,'',7,1),(151,'2023-11-20 20:48:32.359601','342','Software - Outlook',3,'',7,1),(152,'2023-11-20 20:48:32.360682','341','Software - office',3,'',7,1),(153,'2023-11-20 20:48:32.361845','340','Software - MS office pack',3,'',7,1),(154,'2023-11-20 20:48:32.363001','339','Software - essl',3,'',7,1),(155,'2023-11-20 20:48:32.364093','338','Software - Adobe',3,'',7,1),(156,'2023-11-20 20:48:32.365196','337','SMS ALART',3,'',7,1),(157,'2023-11-20 20:48:32.366280','336','Router- Small',3,'',7,1),(158,'2023-11-20 20:48:48.636441','166','Extr- CD/DVD',3,'',7,1),(159,'2023-11-20 20:48:48.638112','165','External HDD',3,'',7,1),(160,'2023-11-20 20:48:48.639556','164','External HDD',3,'',7,1),(161,'2023-11-20 20:48:48.640927','163','External HDD',3,'',7,1),(162,'2023-11-20 20:49:12.294349','41','CCTV - camera',3,'',7,1),(163,'2023-11-20 20:49:12.296165','40','CCTV - camera',3,'',7,1),(164,'2023-11-20 20:49:12.297583','39','CCTV - camera',3,'',7,1),(165,'2023-11-20 20:49:12.299046','38','CCTV - camera',3,'',7,1),(166,'2023-11-20 20:49:12.300544','37','CCTV - camera',3,'',7,1),(167,'2023-11-20 20:49:12.301964','36','CCTV - camera',3,'',7,1),(168,'2023-11-20 20:49:12.303297','35','CCTV - camera',3,'',7,1),(169,'2023-11-20 20:49:12.303984','34','CCTV - camera',3,'',7,1),(170,'2023-11-20 20:49:12.306188','33','CCTV - camera',3,'',7,1),(171,'2023-11-20 20:49:12.307571','32','CCTV - camera',3,'',7,1),(172,'2023-11-20 20:49:12.308933','31','CCTV - camera',3,'',7,1),(173,'2023-11-20 20:49:12.310137','30','CCTV - camera',3,'',7,1),(174,'2023-11-20 20:49:12.311470','29','CCTV - camera',3,'',7,1),(175,'2023-11-20 20:49:12.312677','28','CCTV - camera',3,'',7,1),(176,'2023-11-20 20:49:12.314021','27','CCTV - camera',3,'',7,1),(177,'2023-11-20 20:49:12.315158','26','CCTV - camera',3,'',7,1),(178,'2023-11-20 20:49:12.316454','25','CCTV - camera',3,'',7,1),(179,'2023-11-20 20:49:12.317627','24','CCTV - camera',3,'',7,1),(180,'2023-11-20 20:49:12.318795','23','CCTV - camera',3,'',7,1),(181,'2023-11-20 20:49:12.319830','22','CCTV - camera',3,'',7,1),(182,'2023-11-20 20:49:12.320907','21','CCTV - camera',3,'',7,1),(183,'2023-11-20 20:49:12.322903','20','CCTV - camera',3,'',7,1),(184,'2023-11-20 20:49:12.324832','19','CCTV - camera',3,'',7,1),(185,'2023-11-20 20:49:12.326234','18','CCTV - camera',3,'',7,1),(186,'2023-11-20 20:49:12.327434','17','CCTV - camera',3,'',7,1),(187,'2023-11-20 20:49:12.328560','16','CCTV - camera',3,'',7,1),(188,'2023-11-20 20:49:12.329818','15','CCTV - camera',3,'',7,1),(189,'2023-11-20 20:49:12.330998','14','CCTV - camera',3,'',7,1),(190,'2023-11-20 20:49:12.332183','13','CCTV - camera',3,'',7,1),(191,'2023-11-20 20:49:12.333335','12','CCTV - camera',3,'',7,1),(192,'2023-11-20 20:49:12.334488','11','CCTV - camera',3,'',7,1),(193,'2023-11-20 20:49:12.335025','10','CCTV-CAMERA',3,'',7,1),(194,'2023-11-20 20:50:44.652088','6','CCTV-camera',2,'[{\"changed\": {\"fields\": [\"Title\"]}}]',14,1),(195,'2023-11-20 20:52:25.560673','14','Software-office',1,'[{\"added\": {}}]',14,1),(196,'2023-11-20 20:52:58.384702','14','Software-windows',2,'[{\"changed\": {\"fields\": [\"Title\"]}}]',14,1),(197,'2023-11-20 20:55:47.551945','15','patch-panel',1,'[{\"added\": {}}]',14,1),(198,'2023-11-20 20:57:17.992367','16','Speaker',1,'[{\"added\": {}}]',14,1),(199,'2023-11-23 12:14:09.390095','12','Printer',3,'',14,1),(200,'2023-12-05 19:05:06.227059','2','test',1,'[{\"added\": {}}]',8,1),(201,'2023-12-05 19:31:13.411343','17','test',1,'[{\"added\": {}}]',14,1),(202,'2023-12-05 19:32:31.133073','17','test',3,'',14,1),(203,'2023-12-13 22:59:36.831096','18','test',1,'[{\"added\": {}}]',14,1),(204,'2023-12-19 22:21:47.545390','19','WINDOWS SERVER',1,'[{\"added\": {}}]',14,1),(205,'2023-12-19 22:23:26.610766','19','WINDOWS SERVER',3,'',14,1),(206,'2023-12-19 22:24:15.681882','18','test',3,'',14,1);
/*!40000 ALTER TABLE `django_admin_log` ENABLE KEYS */;
UNLOCK TABLES;

--
-- Table structure for table `django_content_type`
--

DROP TABLE IF EXISTS `django_content_type`;
/*!40101 SET @saved_cs_client     = @@character_set_client */;
/*!50503 SET character_set_client = utf8mb4 */;
CREATE TABLE `django_content_type` (
  `id` int NOT NULL AUTO_INCREMENT,
  `app_label` varchar(100) NOT NULL,
  `model` varchar(100) NOT NULL,
  PRIMARY KEY (`id`),
  UNIQUE KEY `django_content_type_app_label_model_76bd3d3b_uniq` (`app_label`,`model`)
) ENGINE=InnoDB AUTO_INCREMENT=15 DEFAULT CHARSET=utf8mb4 COLLATE=utf8mb4_0900_ai_ci;
/*!40101 SET character_set_client = @saved_cs_client */;

--
-- Dumping data for table `django_content_type`
--

LOCK TABLES `django_content_type` WRITE;
/*!40000 ALTER TABLE `django_content_type` DISABLE KEYS */;
INSERT INTO `django_content_type` VALUES (1,'admin','logentry'),(8,'asset','cred'),(14,'asset','dashboard'),(7,'asset','it_asset'),(9,'asset','voip'),(3,'auth','group'),(2,'auth','permission'),(4,'auth','user'),(5,'contenttypes','contenttype'),(6,'sessions','session'),(10,'timezheetapp','cred'),(13,'timezheetapp','data'),(11,'timezheetapp','process'),(12,'timezheetapp','project');
/*!40000 ALTER TABLE `django_content_type` ENABLE KEYS */;
UNLOCK TABLES;

--
-- Table structure for table `django_migrations`
--

DROP TABLE IF EXISTS `django_migrations`;
/*!40101 SET @saved_cs_client     = @@character_set_client */;
/*!50503 SET character_set_client = utf8mb4 */;
CREATE TABLE `django_migrations` (
  `id` bigint NOT NULL AUTO_INCREMENT,
  `app` varchar(255) NOT NULL,
  `name` varchar(255) NOT NULL,
  `applied` datetime(6) NOT NULL,
  PRIMARY KEY (`id`)
) ENGINE=InnoDB AUTO_INCREMENT=32 DEFAULT CHARSET=utf8mb4 COLLATE=utf8mb4_0900_ai_ci;
/*!40101 SET character_set_client = @saved_cs_client */;

--
-- Dumping data for table `django_migrations`
--

LOCK TABLES `django_migrations` WRITE;
/*!40000 ALTER TABLE `django_migrations` DISABLE KEYS */;
INSERT INTO `django_migrations` VALUES (1,'contenttypes','0001_initial','2023-10-17 22:37:50.810004'),(2,'auth','0001_initial','2023-10-17 22:37:51.044324'),(3,'admin','0001_initial','2023-10-17 22:37:51.106809'),(4,'admin','0002_logentry_remove_auto_add','2023-10-17 22:37:51.106809'),(5,'admin','0003_logentry_add_action_flag_choices','2023-10-17 22:37:51.122430'),(6,'asset','0001_initial','2023-10-17 22:37:51.169322'),(7,'contenttypes','0002_remove_content_type_name','2023-10-17 22:37:51.216159'),(8,'auth','0002_alter_permission_name_max_length','2023-10-17 22:37:51.263022'),(9,'auth','0003_alter_user_email_max_length','2023-10-17 22:37:51.278644'),(10,'auth','0004_alter_user_username_opts','2023-10-17 22:37:51.294265'),(11,'auth','0005_alter_user_last_login_null','2023-10-17 22:37:51.325508'),(12,'auth','0006_require_contenttypes_0002','2023-10-17 22:37:51.341129'),(13,'auth','0007_alter_validators_add_error_messages','2023-10-17 22:37:51.341129'),(14,'auth','0008_alter_user_username_max_length','2023-10-17 22:37:51.372372'),(15,'auth','0009_alter_user_last_name_max_length','2023-10-17 22:37:51.419236'),(16,'auth','0010_alter_group_name_max_length','2023-10-17 22:37:51.434885'),(17,'auth','0011_update_proxy_permissions','2023-10-17 22:37:51.450506'),(18,'auth','0012_alter_user_first_name_max_length','2023-10-17 22:37:51.481723'),(19,'sessions','0001_initial','2023-10-17 22:37:51.497343'),(20,'asset','0002_rename_asset_it_asset','2023-10-17 22:44:56.945197'),(21,'asset','0003_rename_condition_it_asset_invono_and_more','2023-11-01 16:21:22.338533'),(22,'asset','0004_alter_it_asset_invono','2023-11-02 18:25:51.720910'),(23,'timezheetapp','0001_initial','2023-11-07 06:10:09.495405'),(24,'timezheetapp','0002_process_project','2023-11-07 06:10:09.526676'),(25,'timezheetapp','0003_data','2023-11-07 06:10:09.548780'),(26,'timezheetapp','0004_rename_projectname_project_project_and_more','2023-11-07 06:10:09.626894'),(27,'timezheetapp','0005_alter_process_processname','2023-11-07 06:10:09.649047'),(28,'timezheetapp','0006_data_count_alter_data_emp_id_alter_data_proj_and_more','2023-11-07 06:10:09.711536'),(29,'asset','0005_dashboard','2023-11-08 11:47:33.669205'),(30,'asset','0006_rename_status_dashboard_asset','2023-11-08 11:52:19.255002'),(31,'asset','0007_remove_dashboard_asset','2023-11-08 11:59:12.790067');
/*!40000 ALTER TABLE `django_migrations` ENABLE KEYS */;
UNLOCK TABLES;

--
-- Table structure for table `django_session`
--

DROP TABLE IF EXISTS `django_session`;
/*!40101 SET @saved_cs_client     = @@character_set_client */;
/*!50503 SET character_set_client = utf8mb4 */;
CREATE TABLE `django_session` (
  `session_key` varchar(40) NOT NULL,
  `session_data` longtext NOT NULL,
  `expire_date` datetime(6) NOT NULL,
  PRIMARY KEY (`session_key`),
  KEY `django_session_expire_date_a5c62663` (`expire_date`)
) ENGINE=InnoDB DEFAULT CHARSET=utf8mb4 COLLATE=utf8mb4_0900_ai_ci;
/*!40101 SET character_set_client = @saved_cs_client */;

--
-- Dumping data for table `django_session`
--

LOCK TABLES `django_session` WRITE;
/*!40000 ALTER TABLE `django_session` DISABLE KEYS */;
INSERT INTO `django_session` VALUES ('00uwhe6obah1pv4gj6wihqd9na80oevm','.eJxVjTsOwjAQRO_iGlmx410MJT1nsPZjcADFUpxUiLuTSCmgnfdm5m0SLXNJS8tTGtScjTeH34xJnnncgD5ovFcrdZynge2m2J02e62aX5fd_Rso1MravkVFgIxdjx0QHz2C04jCpyASmDMooIceFUMfWUN0XkgosnO63pjPF9pQOCg:1r1Mf7:PoaP-a5PlxO134IWvMVQknwzSnin6yHbEf_dIKxp27c','2023-11-10 09:14:45.293622'),('03cgl2ov6z1b037dxx6j06u386avnmeo','.eJxVjEEOwiAQRe_C2hDAgB2X7j0DmRkGqRpISrtqvLtt0oVu33v_ryriMpe4dJnimNRVWXX6ZYT8krqL9MT6aJpbnaeR9J7ow3Z9b0net6P9OyjYy7ZGi0KMwZKjC0HwzgUEESeDYQMJMnkWToCQN3JmNoN4l9mgeCtBfb4WUzlI:1rFiVp:N6X6lw0KsOjx8AlzmnNZiFfR4sDd8uddV2BFAfhl8IM','2023-12-19 22:24:39.606608'),('0kmzusasl05edwbh3x7fa7kf3y13478g','eyJ1c2VybmFtZSI6IkthcnRoaWNrIiwiZGlzZyI6IklUIn0:1rAZaT:c7K_xml0xnbTeM5XtUBBDo1XVQYT9xAGHHBCOOy3DHo','2023-12-06 17:52:01.938649'),('0m9kvox1ctxqppd1ngfqn400gabfsqh3','e30:1rFFRf:Lyrw9YdRv2yubxauipT_ukxiA7gZ50tV6GtoyPyeDww','2023-12-18 15:22:25.844257'),('0r1f4gln17unkgsyiw6cztf7v7cvo2ug','e30:1rDY9I:2XBQF59AfNJ_-yG1AIm5AlIt90OmPBH0pt1op6nCIAQ','2023-12-13 22:56:26.105357'),('0sza4lkgwplwa7bztbyria8zbin77gdl','e30:1rFiMn:I9w6Bi7WOnedTOEe8mBq3s40IL8SIC9N2bTTycNn4kQ','2023-12-19 22:15:19.688076'),('0uihasuwd6ps968ri29g6otmd46298ct','eyJ1c2VybmFtZSI6IkthcnRoaWNrIiwiZGlzZyI6IklUIn0:1rDBAU:kXJFo3KsaQr9DSGK2ekSpTTX40cF8QVPa2_6TBKa8aw','2023-12-12 22:24:08.118743'),('0wb3zx36rtar3dwgpvf1ykpbml3otag4','e30:1rFFQH:Ny2nzOWj3fHEif_tGei2V7s-8mWQQRMIKO0Eo5bJVVU','2023-12-18 15:20:59.691000'),('148hem7dhbp2x6qohnwdo2uq0b8s16rv','e30:1rFicm:rKD32qDA_t8W4Sd9sbWaPkGJqz89cB4tC1-4TIwEQEM','2023-12-19 22:31:50.198802'),('15ci9fczcagbx38fxhb4mfno2kguxmqx','e30:1rFiPu:waOBEoChkgMvgbz75L08VIcVNPsSraUdZW8KRAMZW54','2023-12-19 22:18:32.686029'),('213s6jikkste4q0q6vajvczkw6vbikh5','e30:1rL0tp:mUiS0TJtOpCeJ98ByB3cG78txx0gTMf5V-P7p6lq1iY','2024-01-03 13:03:19.363340'),('21kdpyk74azmaxs7eg00p33vzkpj4kkz','e30:1rEEbz:BXDB2wxwLG_SLmXrugFAN14By4QWWABbrE7InVpAmUA','2023-12-15 20:16:53.134252'),('27u6vyyogkgkkppaw49dzgomux1uais1','eyJ1c2VybmFtZSI6ImthcnRoaWNrIiwiZGlzZyI6IklUIn0:1r3Gbf:0nuTlrn8zI9WuQfVjBjZ22jvESj2n3nn5hHJkQtJZQ4','2023-11-29 14:11:03.239639'),('29r9nu924qcnk1vjmn9mr7mgg8ct71qr','e30:1rFiGi:riSnqaF0SqDIG7-F-MDye7yZkrhL9891cEC_RuA8UrE','2023-12-19 22:09:02.959817'),('2eg96zocjy940hndr8jqfiez6ksvb18d','e30:1rFFTQ:00grFYqRePYV2srbtnQdrwWn-dcHQ7JyGO3PKBPyEMM','2023-12-18 15:24:14.875069'),('3nlz4zh10fnnan1s3zqmjaifm6654ns6','e30:1rEEbl:bTDuA8YmbVbRjI676NX9k02sLow8ZeghJVci6h8gbM0','2023-12-15 20:16:39.085077'),('3q5uveoqfb4nsrzlro8gn0tbut0tz6nv','eyJ1c2VybmFtZSI6IkthcnRoaWNrIiwiZGlzZyI6IklUIn0:1rDlTa:g5C8omFWzaCW3b4jbFiAzZbL4DFwjyzRziIPgPDWflU','2023-12-14 13:10:16.015950'),('3sgoq0kkpuvc0bbvfoinb8rnm2pddis9','e30:1rFFSi:mLLXCfCsKs-aHtRJiOgO28bASHv7L38Q4M5uWdmmEGM','2023-12-18 15:23:30.062300'),('3ylo0230ceqztdco5w4oloj6ir7pnzpt','.eJxVjLsOwyAMRf-FuUJABQ0du3XI1j2yjQnpg0iBTFX_vUTKks333HP9FWvhJcOHxVVULlWcRJjK2NL90e4B1pqGzRmm0KA-MgR6cd6K8IQ8zpLmXJcJ5abIvS2ynwO_b7t7eJCgpLYGDYwETqPBC3pnjXHgmQ13ipQPPqIlpuDBx0bORKpjayIpYKvZid8f5Z5CiA:1rAbYB:Ns5xesIfDrkIU5WEVAmsBbi2nSLDRnLVFO5SZyBClYs','2023-12-06 19:57:47.740097'),('43820pc9kbwj33bkzmuhl0xawmltzmwh','eyJ1c2VybmFtZSI6IkthcnRoaWNrIiwiZGlzZyI6IklUIn0:1rDY0i:-hlKAOYyJgiXE705mKbKpxVSF5-wLd0Ll5FJJmCMu6w','2023-12-13 22:47:34.602540'),('4822q4yhzeoi2b4kb6pokaeags47zg3p','.eJxVjEEOwiAQRe_C2hDAgB2X7j0DmRkGqRpISrtqvLtt0oVu33v_ryriMpe4dJnimNRVWXX6ZYT8krqL9MT6aJpbnaeR9J7ow3Z9b0net6P9OyjYy7ZGi0KMwZKjC0HwzgUEESeDYQMJMnkWToCQN3JmNoN4l9mgeCtBfb4WUzlI:1rFiRi:tUAYAYIwCqQL6tfU7UM5BcO4wyFIhfctaG50lxitLvk','2023-12-19 22:20:24.257411'),('4opxuy8xzg6k091c81i87mr1vubtnax4','eyJ1c2VybmFtZSI6IkthcnRoaWNrIiwiZGlzZyI6IklUIn0:1rGNGF:4bVs5XY9L9__wEENvfw27-VWN2aqLcVOVLHIT2y4BNc','2023-12-21 17:55:17.462904'),('4tm0qkywt5ly1d22dkps8za0h4xb8fh2','e30:1rG1Kf:9pH8kOmxzAcvzRqJQKzS2MXr-s_KiTdt-Z6oWtnOcD0','2023-12-20 18:30:23.805929'),('4v0uii1pqr4vz5din0nmjpkq8stah6pm','e30:1rFiRE:3qWl1OWxceTgrlS5QMCnMPCI2LYHDPM9bM1JFzNbeNg','2023-12-19 22:19:54.036262'),('52ksucksndchrs3eh4v30sg74imt2ye1','eyJ1c2VybmFtZSI6ImthcnRoaWNrIiwiZGlzZyI6IklUIn0:1r0bB2:W5LVqSIVkG6doAY2pVMKbu8npN6RVTyfib9dxNgriuo','2023-11-08 06:32:32.297823'),('5ba589hp6mckh8rbbt8fpvzds235pwgc','e30:1rFiWa:ABm70dx5V36-px_uLGS1BnKsZvQbAnUSY2Q-PmH3vlc','2023-12-19 22:25:26.908000'),('67u80fhz596tt6tabeockx3pi500brr1','e30:1rFiL2:K5uC-FXlkytwkv-x9z7F8JjSG_JykE8hoA0rvpWJaA8','2023-12-19 22:13:30.403573'),('6gasc473o981iqcuk5rsmgp92uukdlyj','e30:1rFiM8:pooKGjXv93EuxwsYjZT6Qc2eEQIIel8z9qxPIyMH3es','2023-12-19 22:14:38.395130'),('6hqc88ba9lzpcpz2pjo81xvxm89vzu2u','e30:1rDY7S:jy0H9QdTkL9tIe6z-lkw4CITQ74jK1b-GrPzXIPPij0','2023-12-13 22:54:32.001198'),('6ixpy29lvalfezrsf1e61z0dlxn7ohdr','e30:1rL3YM:NQtxDcJ5J76aruuBepwgyIWrrnEaSHc5o3WbLl_0UgE','2024-01-03 15:53:20.236596'),('6wu3n0acfe6npt05531nw87f1vfl9bt4','e30:1rFiQx:mSjBlvOvY4Z2EyVRIgJjCZvK0GaAhUxZswiaVKkO8Q4','2023-12-19 22:19:37.815972'),('76e9tg1rtjrxyhntw7h42b7jwzwwyr35','e30:1rFiO4:JYhGGhDitMtmZuc8yax-9kkzk0jdRYNBh-UAOUq9lRU','2023-12-19 22:16:38.904317'),('76zf1wxn7onvpicv82n79kjroxlyr0sx','eyJ1c2VybmFtZSI6IkthcnRoaWNrIiwiZGlzZyI6IklUIn0:1rAX6h:xL2LlBsB2-zsRe3ZVENSl8l8SUwIMWxmKuHJmPBQXFM','2023-12-06 15:13:07.739757'),('7arqep5ofl026mm3par9s9edw8lhj8l9','eyJ1c2VybmFtZSI6IkthcnRoaWNrIiwiZGlzZyI6IklUIn0:1rAZb9:2m7Jgg9Y4bHmYItmiqJLGX-N-N8EA7Z3bFw-H9WE1zU','2023-12-06 17:52:43.284104'),('7tea7ldsfudltrbvl2h8hkv5di6zxsom','.eJxVjEEOwiAQRe_C2hDAgB2X7j0DmRkGqRpISrtqvLtt0oVu33v_ryriMpe4dJnimNRVWXX6ZYT8krqL9MT6aJpbnaeR9J7ow3Z9b0net6P9OyjYy7ZGi0KMwZKjC0HwzgUEESeDYQMJMnkWToCQN3JmNoN4l9mgeCtBfb4WUzlI:1rCp1c:dVBhfcWLToEC06Qqx5Xx_-gDHpZV2Cs3CJwq_mrzCb8','2023-12-11 22:45:30.017509'),('81o68iwixljmfanfd5yxbyllk8p54f5w','eyJ1c2VybmFtZSI6ImthcnRoaWNrIiwiZGlzZyI6IklUIn0:1r1MMm:HiQCjJTlmdtwkTgB2Tid4YtDswmu3dy4zBfG3WQ4Cbc','2023-11-24 07:55:48.562778'),('8aic5qio2fu17ui4oi0q2nanjuj0o3mw','.eJxVjEEOwiAQRe_C2hDAgB2X7j0DmRkGqRpISrtqvLtt0oVu33v_ryriMpe4dJnimNRVWXX6ZYT8krqL9MT6aJpbnaeR9J7ow3Z9b0net6P9OyjYy7ZGi0KMwZKjC0HwzgUEESeDYQMJMnkWToCQN3JmNoN4l9mgeCtBfb4WUzlI:1rDYBU:4HF9Z44YRNS18bqef3Py2n9qpH_rqPeR9tovcDD8cCU','2023-12-13 22:58:42.727516'),('8ecma4qb8gn91w4x73y8wym34uyjw5ph','e30:1rDlm7:IlB7otBT45j0xVH6lKshJJOqYIRUr4_QPdo43sWnVOM','2023-12-14 13:29:25.267923'),('8kgo9d6yqzkzolas7ysxjqtd34mjztbe','eyJ1c2VybmFtZSI6IkthcnRoaWNrIiwiZGlzZyI6IklUIn0:1r5BOA:hnWOMPLKKgEA9l7BpKner5imqQ81B10YWL3ed8aEeYs','2023-11-21 21:01:02.411893'),('8mlxcgvpf9kqhq2mva6jcbsuerkednig','e30:1rGNJz:1ok3qyVWWBvDN6xDtcvexlOnufvfCcAq_DXp1633ooE','2023-12-21 17:59:09.173996'),('8ub0rn68ob5lyotg719vk47jt5znslc2','e30:1rEEbE:qnIptazxpMwowSttSGuP_tf11oUdaKp0R4vkVLVcy_U','2023-12-15 20:16:06.320009'),('9aycbl5jlc0uywiees7z6owlsrnh6l1f','eyJ1c2VybmFtZSI6ImthcnRoaWNrIiwiZGlzZyI6IklUIn0:1r0cjq:OaGZLKalu5gl1h9CQaEvG9w7BeusG7y5ORPqJMunEqg','2023-11-08 08:12:34.213949'),('9wy463oil4o4php1beu8ow4zk39wmq4u','e30:1rL3Yb:XZ9Ef565WCrpIrIqbIO2TrggR4TL1J6mGUmVI_lKI48','2024-01-03 15:53:35.641967'),('9z9y60xry1sxq20f3g1dzxmyiaoxwxfk','e30:1rFFVf:ySVFY6iqwNQ2iJK9-4q6Y3LbEOcxYOgHZxfxwnoKHcQ','2023-12-18 15:26:33.358467'),('aez0or0411vj3lzwuwlm0j59g59z82ou','e30:1rL0uV:-q1zvzQR357sLyP__PzrL2gPmxvQA9A72tiBkTaKmlU','2024-01-03 13:04:01.547806'),('ai0vov1gorwiuvyxjyachslqocdt7qyp','e30:1rL3Zd:x3QvhbhbYvpQ776kG-sKMA9Mnysla4gSMbJ1ZmLI8lM','2024-01-03 15:54:39.592953'),('am4iuawpc2xme4443mwtqn6v3dl3uy0w','eyJ1c2VybmFtZSI6ImthcnRoaWNrIiwiZGlzZyI6IklUIn0:1r1MLm:pYKbAqCJSqypBLsY9RtSnrWqM6n2byZRyqrGN_wOHuY','2023-11-10 08:54:46.273443'),('bujuc0mmbbusqx1vm542jqt1z9p8qv9u','.eJxVjLEOwiAURf-F2RDAgMXRzcHNvXnv8VqwCklpJ-O_S5Mu3W7OPfd-xVp5zvBhcRUTzEtMNImTCKmOjdyfLfewLrHfvD6FBvWRIdDEeSvCC_JYJJW8zAnlpsi9rfJRAr9vu3s4iFBjW4MGRgKn0eAFvbPGOPDMhjtFygc_oCWm4MEPjZyJVMfWDKSArWYnfn8ihkQZ:1r5AJ8:VN79wHjmCBoEiPSkWty_vgJj6X8qLqRoAY9WDOlch6c','2023-12-04 19:51:46.940619'),('bv4cme763sroqyunf0zpywqfnnck16lu','eyJ1c2VybmFtZSI6IkthcnRoaWNrIiwiZGlzZyI6IklUIn0:1rFfWj:AbvnrjzNoWWaOyvrZogB8mGJFfV7Yhhp8LIgnoQEfGc','2023-12-19 19:13:23.573853'),('bv87b91tqb4a0ccfau8wydnmjm3astzv','eyJ1c2VybmFtZSI6InRlc3QiLCJkaXNnIjoiSVQifQ:1rAeFM:PvmOlh8QuHlxzHtd6SZbFy-7g5RpSGzn9BwkBY2tvwg','2023-12-06 22:50:32.755898'),('bx9h9on3en2f64aavlcupo17po52ct1c','eyJ1c2VybmFtZSI6IkthcnRoaWNrIiwiZGlzZyI6IklUIn0:1rG102:TJv-YMxoUWqH3KbsEhhDwoLN9lMmHdvidTg6nVVy5rA','2023-12-20 18:09:04.458718'),('ccdpp3q494wxlvc83j3jjz2jht1yoxic','e30:1rFi1N:ojHW4fL43Wy3Xo0L8n_CXmdXccnfK1733OIr2Hki_Lo','2023-12-19 21:53:11.509340'),('cesnacq24c0u8imje2zqbsat29uamdhk','eyJ1c2VybmFtZSI6IkthcnRoaWNrIiwiZGlzZyI6IklUIn0:1rEEaM:ZmgjhAm6czrJ_Mznv5chZeqqAKNEzhk80EUl5ZvUMQo','2023-12-15 20:15:12.231574'),('cyq4s2frehr7pm3grxdb6farmo6l7j23','e30:1rL0vn:mE7LUudJ9xI155o6buEp_2azT-I6eTqpJ7a1LHLlTL8','2024-01-03 13:05:21.276260'),('dasy300w2s48vatl04ipzh569ee6276y','eyJ1c2VybmFtZSI6IkthcnRoaWNrIiwiZGlzZyI6IklUIn0:1rGQWm:c8779b0tBnzy5FL0X1qIL8KvNT6igD9b9irlJtgDvZ8','2023-12-21 21:24:34.175285'),('dgxe05swgiscwim51catyqovfwrbodth','eyJ1c2VybmFtZSI6IkthcnRoaWNrIiwiZGlzZyI6IklUIn0:1rFiTN:itedOp6eVcnjLvR8FnpPWThEsAqlz5lUVu3_Qe1NQrg','2023-12-19 22:22:07.674229'),('e8l2b8bcd7b2osqjxat4mptbkdpr2arn','eyJ1c2VybmFtZSI6IkthcnRoaWNrIiwiZGlzZyI6IklUIn0:1rLroo:bLFcPnp6DLxvKy-Zi-PH621x5xw0MjmurWPRFP0_I0A','2024-01-05 21:33:40.919624'),('ec98grq7reb9el9rlm21ay5x42zhzv5r','e30:1rL0uw:qWq4cHyktNvVa0aABrVosLwEc_wQnJv3kbsSy7Qw_bs','2024-01-03 13:04:28.212681'),('end87dce9hs22b48vy0dhi9rnm3rj2ts','e30:1rFiOG:V0JCsJqFNGowWuNhR2eY8QUcVEdtlnezlkNzI4--Zvw','2023-12-19 22:16:50.779538'),('enlw3fipu4teq91l9exom42bnfd0gng6','eyJ1c2VybmFtZSI6IkthcnRoaWNrIiwiZGlzZyI6IklUIn0:1rG1Ai:TGa9gGSXQDwWjc5OAn-IrRudBJokULNMACXpxGRY6u0','2023-12-20 18:20:06.695474'),('fthln2mf3voinktm61u2hxz67gic5jx5','eyJ1c2VybmFtZSI6IkthcnRoaWNrIiwiZGlzZyI6IklUIn0:1rFhxV:uGv3hu3NSRkpzmu5UBZ9eImqxRzozQLYrd_5Nowew8E','2023-12-19 21:49:11.606431'),('fvwrwol1rhighr3d3jz0x4lvuyiqfh3k','e30:1rG1Az:3L9kTeuuu8nX4pewB_HY7knDz1TIinrhgzaaUU-NiSk','2023-12-20 18:20:23.342740'),('fz1pfhl8c86k7gfym50uuphf065va1aa','.eJxVjEEOwiAQRe_C2hDAgB2X7j0DmRkGqRpISrtqvLtt0oVu33v_ryriMpe4dJnimNRVWXX6ZYT8krqL9MT6aJpbnaeR9J7ow3Z9b0net6P9OyjYy7ZGi0KMwZKjC0HwzgUEESeDYQMJMnkWToCQN3JmNoN4l9mgeCtBfb4WUzlI:1rFiUo:iaAJbCYrjYT4XmgsQrh5Gmvx16JqcngcDV7hE9MZF8Q','2023-12-19 22:23:36.697893'),('g2oa46rklqamaidt015v5gqfy1t3f0qz','eyJ1c2VybmFtZSI6IkthcnRoaWNrIiwiZGlzZyI6IklUIn0:1rFiJV:VsVQO02X2FhnZnYU5_xNkiBd6adTC2NZM0WkIOMfSHM','2023-12-19 22:11:55.821402'),('g6v5b8rqq3t1ihq6tnoy5mewincedkap','e30:1rL3Nz:wXKB4ORzAs0Zqyn63e7vaMOVY4EIJ2sGUP0FhQ6mGrU','2024-01-03 15:42:37.235167'),('ggc02ozzs17ghguqjj5vht6go0ry0j7r','e30:1rFFSI:pd8F05KHBoeG9G1mC2K3C57fxzvPfqcTIGNFQjzayqU','2023-12-18 15:23:04.870369'),('h5dizx26k88dnmnx9thhc4lpz8pjcyx3','eyJ1c2VybmFtZSI6IkthcnRoaWNrIiwiZGlzZyI6IklUIn0:1rGNJS:_tFxN1T2D61DDQpEwB4nSAggA8aJ85wz4OWD_-VJzFc','2023-12-21 17:58:36.094024'),('ha9ql2an9donw7n7etd22x7fnatyjtsh','e30:1rFFRV:8YRE4hdPfPaTv9qMnC-4ZwcOSBcZm58WiTKyemeVIEE','2023-12-18 15:22:15.220965'),('hfekt5cxft31hy0fswoiwgvwn9r2cucp','e30:1rFiPZ:7LeqU1Iz-Q3DkZAxPrTDTvygNmUGQ08rif_-g08k-Vw','2023-12-19 22:18:11.605297'),('hvi9vioimye82ifs28wxh9sp743nsohn','.eJxVjEEOwiAQRe_C2hDAgB2X7j0DmRkGqRpISrtqvLtt0oVu33v_ryriMpe4dJnimNRVWXX6ZYT8krqL9MT6aJpbnaeR9J7ow3Z9b0net6P9OyjYy7ZGi0KMwZKjC0HwzgUEESeDYQMJMnkWToCQN3JmNoN4l9mgeCtBfb4WUzlI:1rFiTt:CRIE3ZIGGexOpA7UW-G7QymXusUbr07HW6AMjQuKsnE','2023-12-19 22:22:39.301784'),('i4qevuknpui9r07all1popb4073omukk','eyJ1c2VybmFtZSI6IkthcnRoaWNrIiwiZGlzZyI6IklUIn0:1rFiIk:5KiU1qGsEJzmV_xXaO13YU0x842csDSkQwITJwhkyQE','2023-12-19 22:11:08.387130'),('io3ifw4vd0vhz73ve4bubno5l9tb0ilt','e30:1rFiRO:P1QiydyfKkyJHj5SEV1TOVg_TAW8l1zYzpCtfPaYaxc','2023-12-19 22:20:04.188962'),('ipc6k47hsr3qdi93szw9rrzp81kd36f5','e30:1rDYD2:z4OOZMIpjzlF2d9bGbWYMRSwGGJNq3a_qwu6slvCENE','2023-12-13 23:00:18.670319'),('j5q5xyxwtt7m4qkeu53pttms6nnqg0ex','e30:1rL0wB:u6W1pXvxSJHx4I3dwQ8Sr7z32YrNcwnjKOpWYPIHcok','2024-01-03 13:05:45.846376'),('jhvqau2vfj3uaxo8yy2f4dpeu65t2m5l','.eJxVjEEOwiAQRe_C2hDAgB2X7j0DmRkGqRpISrtqvLtt0oVu33v_ryriMpe4dJnimNRVWXX6ZYT8krqL9MT6aJpbnaeR9J7ow3Z9b0net6P9OyjYy7ZGi0KMwZKjC0HwzgUEESeDYQMJMnkWToCQN3JmNoN4l9mgeCtBfb4WUzlI:1r1Mez:R2eKIEc_Wxqe7MIiM9keGmFCpRCY5jJ42OC7JW7twbE','2023-11-10 09:14:37.692819'),('jjhae4hj0e491bc9sr58584iy0g1yawk','e30:1rFFUy:gx8EU2Y7-PfRInXA4aQHaaErR6lfSx_9fQt-yG_p3F8','2023-12-18 15:25:50.807677'),('k1otlxai8pfdan65jfyv55pvchuac8p8','.eJxVjEEOwiAQRe_C2hDAgB2X7j0DmRkGqRpISrtqvLtt0oVu33v_ryriMpe4dJnimNRVWXX6ZYT8krqL9MT6aJpbnaeR9J7ow3Z9b0net6P9OyjYy7ZGi0KMwZKjC0HwzgUEESeDYQMJMnkWToCQN3JmNoN4l9mgeCtBfb4WUzlI:1r69Pa:eHPEIWmBNwowUiPs6KpjpUEHBZCBXhoGfkEOhur7gO4','2023-11-24 13:06:30.415746'),('kb8rp0mzgenrnqlmdynwxijb3ans9ny7','.eJxVjEEOwiAQRe_C2hDAgB2X7j0DmRkGqRpISrtqvLtt0oVu33v_ryriMpe4dJnimNRVWXX6ZYT8krqL9MT6aJpbnaeR9J7ow3Z9b0net6P9OyjYy7ZGi0KMwZKjC0HwzgUEESeDYQMJMnkWToCQN3JmNoN4l9mgeCtBfb4WUzlI:1rDYC5:zLbjUYg7jjAEWN8xwMA16Jh6AtPy3SLd3F7-JXLzqdY','2023-12-13 22:59:19.409469'),('kg0t8g9kdkll9aa7i1stsip0azisiuzu','e30:1rDlUN:rAvA8Gz0Vsn48xbleQwmhos6G_Zsz0rUrfI_Qab9jCE','2023-12-14 13:11:05.753494'),('klpw6r5kpo5phkw89ymlg1imwmsiw7jy','e30:1rEGgg:tNKV7urPuGFCTCqKcRYISQ2noVEpcmxn4h7rcd3Ovdk','2023-12-15 22:29:52.488850'),('l1grpkj4vzl9v0tk96a15h7mxuohgzpl','eyJ1c2VybmFtZSI6IkthcnRoaWNrIiwiZGlzZyI6IklUIn0:1rFiBP:uLPPtsFLQKgKOz6YmM-YIXW8X9eO2bi1H88OxX86iAw','2023-12-19 22:03:33.201363'),('mhy1yqb84ee3fuoxyive4oe4dlfgy4m9','eyJ1c2VybmFtZSI6IkthcnRoaWNrIiwiZGlzZyI6IklUIn0:1rFi0g:_3uDl09_DmtNbfqRoPxT99Vk_2j2NNW2s3rDtNQVflo','2023-12-19 21:52:28.829385'),('mo2kgi3cs7k89rgsul500lctzjvjq5wj','e30:1rDY0z:kAD-dMAvdUdbs0vfZzVZ33cXo_fArE32Hv0EFJCvfj8','2023-12-13 22:47:51.355363'),('n2ggmwlip3ndit7n1ot5huilssssv3x0','.eJxVjTsOwjAQRO_iGlmx410MJT1nsPZjcADFUpxUiLuTSCmgnfdm5m0SLXNJS8tTGtScjTeH34xJnnncgD5ovFcrdZynge2m2J02e62aX5fd_Rso1MravkVFgIxdjx0QHz2C04jCpyASmDMooIceFUMfWUN0XkgosnO63pjPF9pQOCg:1r1Mde:nxl4RUxWB0DorqXbVNTcYOkR1fyhCelO35etTUAj5ao','2023-11-10 09:13:14.252630'),('n6122gk9hbgdxs5x6pq3ek8sr0ppjv9b','e30:1rG10J:5V5uGlNF5Sl8ogF64gFhQulo9lawmLtG2Coe6YA-sNw','2023-12-20 18:09:21.590787'),('n8zx7tu4x7disbk3fyt7telqqar0j4vp','e30:1rG10u:0IX7Odk-4GR7WdTzCja0HMr2NMVMVCbo5peWd7sIhwM','2023-12-20 18:09:58.314727'),('nodmf0bo0d07mhs55qjeqc0i37qlezun','e30:1rL3XG:xvmVpXr8XJ7zTiCQkSecxMgL2OhKX-qSskgyW2q92Mc','2024-01-03 15:52:12.332775'),('nwe2u63j91211jon6wbx0ealkrarc2qt','eyJ1c2VybmFtZSI6IkthcnRoaWNrIiwiZGlzZyI6IklUIn0:1rFhyD:UwzIbzbDg38aiZx_3kuU_POVcJKTZX9hpsMu7XNOANA','2023-12-19 21:49:55.586444'),('o1nkmbcykrr4mn30sfzorixv5ub42438','e30:1rL0wf:PD0TtR-SkYBpREpcGwJSNXxuMsw7ViitTzYjIYw1Kxc','2024-01-03 13:06:15.422513'),('okoa9l4fyamvbxpd0avieujp55gabpth','eyJ1c2VybmFtZSI6IkthcnRoaWNrIiwiZGlzZyI6IklUIn0:1rJHJP:CsHDlYyWCHUf4awzL3wovif5aBTeHk7SIKfUA7tWteo','2023-12-29 18:10:33.871955'),('ophbnhaekhcl94lw3atmzv8avvppikr1','eyJ1c2VybmFtZSI6ImthcnRoaWNrIiwiZGlzZyI6IklUIn0:1qz22V:UsbnTLHPstcGZEfcSoNt5AIgj-3ELh8qok-jVl5mSmo','2023-11-03 22:49:15.518682'),('pi49wyvzydlknw8chey3op33vcpnp266','eyJ1c2VybmFtZSI6IkthcnRoaWNrIiwiZGlzZyI6IklUIn0:1r5Wry:l9VnYmAEgNKo7sL0YG5ck1Jw56uGcMvZnY0oD67zom4','2023-11-22 19:57:14.943935'),('pms0a7hng37bfrlphvqz1yk2i0cffdud','e30:1rGNHK:oGNsX8qQwbsm-Nu5Odetbgm3vDt1m5tVXWfW9Y4S0ek','2023-12-21 17:56:24.038838'),('popme6cqa2i6gzqhfgkxn995m9i0faa7','eyJ1c2VybmFtZSI6InRlc3QiLCJkaXNnIjoiSVQifQ:1rCp2A:spp_HoMIm_cK46gLERnjoDozYZevMRSln-OnmYiCg44','2023-12-11 22:46:04.144179'),('prqq0r6o104a5eassvg80wtm4voqrt8v','e30:1rFFVL:pK4yrMBB58XbJLXTQ3Uyeag-YGQr7fom4jNW8RCG7no','2023-12-18 15:26:13.729621'),('pzx73i1d4wi08t0ivp5u2ehrmaqmbbgn','eyJ1c2VybmFtZSI6InRlc3QiLCJkaXNnIjoiSVQifQ:1rAjej:GZ3lE3drX-98Vzdi0-1B65ZaJ728COBnkcUtopJIwpk','2023-12-07 04:37:05.707949'),('q6uazwhbmpcuip18ovb8wntcycomydor','.eJxVjLEOwiAURf-F2RDAgMXRzcHNvXnv8VqwCklpJ-O_S5Mu3W7OPfd-xVp5zvBhcRUTzEtMNImTCKmOjdyfLfewLrHfvD6FBvWRIdDEeSvCC_JYJJW8zAnlpsi9rfJRAr9vu3s4iFBjW4MGRgKn0eAFvbPGOPDMhjtFygc_oCWm4MEPjZyJVMfWDKSArWYnfn8ihkQZ:1r3GqE:tKczt7fyhFKmNdeIDwl6LuNrPDiPjJFnkfNsudFoKrc','2023-11-15 15:26:06.612437'),('qamq4n05pihif8zus1k7wrzkkomq7a9c','e30:1rFhzS:A90Z2ho8Ifq-lz-tUx2PNhGfSGewQXE6G3FFTTPVX38','2023-12-19 21:51:12.449396'),('qednvam8s3xrm4aycdhm6bk9dxzvya7b','.eJxVjEEOwiAQRe_C2hDAgB2X7j0DmRkGqRpISrtqvLtt0oVu33v_ryriMpe4dJnimNRVWXX6ZYT8krqL9MT6aJpbnaeR9J7ow3Z9b0net6P9OyjYy7ZGi0KMwZKjC0HwzgUEESeDYQMJMnkWToCQN3JmNoN4l9mgeCtBfb4WUzlI:1r1McU:q31sMmMOEywJ8-qrUJsm2cS0im8KQGbciDooThPR_bs','2023-11-10 09:12:02.125277'),('rr1yna81renmmpbjliyhbhugn10efmw5','e30:1rFiQi:-lAb4hIWYVNAwDZjR5vtQcdrZtbUG4x8xD4nNW0Huuc','2023-12-19 22:19:22.038829'),('s1e2b764xeiv5cwyfkps2sz951t9zfee','.eJxVjEEOwiAQRe_C2hDAgB2X7j0DmRkGqRpISrtqvLtt0oVu33v_ryriMpe4dJnimNRVWXX6ZYT8krqL9MT6aJpbnaeR9J7ow3Z9b0net6P9OyjYy7ZGi0KMwZKjC0HwzgUEESeDYQMJMnkWToCQN3JmNoN4l9mgeCtBfb4WUzlI:1r5CoJ:xgd8vK2lFVwWLA2fVhsdaW4tBTy04mB6bt-3gVwrXCU','2023-11-21 22:32:07.416446'),('s4u84k3li67nk6tsv705oy6m7o7gg4k0','e30:1rL0vc:7eISwJonu1v_9GOmsKUVKyDLbtpgQDrs5Gwkdr_tHsI','2024-01-03 13:05:10.122879'),('s9w8pqur5jkuyokf524uwjyqefxz80hf','e30:1rDY9T:2nOznF0upyTI208lo951GtTCVtwbAKFXU4NdyaYNn4g','2023-12-13 22:56:37.906967'),('sa1mhfcuxgtd7gfl9su8vwr588020tp1','e30:1rFi2f:wLYo1aKusdV34-G_ujypbOSZO46UosjnHCdaTZL1Kec','2023-12-19 21:54:31.544769'),('sjcqhjwg01nz5ph442r7j8v5ry06wxlt','eyJ1c2VybmFtZSI6IkthcnRoaWNrIiwiZGlzZyI6IklUIn0:1rEEKo:Rs2fKWySn-ggqjwHfUVidUTJGIXmyI_174wKrB0F22s','2023-12-15 19:59:08.928127'),('sjet9vrj3zqowd6lyo52i1a7ek7n1fux','eyJ1c2VybmFtZSI6IkthcnRoaWNrIiwiZGlzZyI6IklUIn0:1rAbip:GNIpPSp9uMKWkMl7OLF9239yk-EWvfJPtJo0VaUgVY4','2023-12-06 20:08:47.576987'),('tcxwnyjtmj3eazv09ge8dwwykfxyfljs','eyJ1c2VybmFtZSI6IkthcnRoaWNrIiwiZGlzZyI6IklUIn0:1rEEay:PUii5yIhutuUodQ5_OSZ2ByJ5vZ-OU8KNaaANfOKv9U','2023-12-15 20:15:50.744099'),('tktfqq2phambkgp0lnczlkq5raie8tip','e30:1rDY4T:PqBq7fbU6_7LXnY5z6nqaxprovyrUEUoiGZ3-xcFDSs','2023-12-13 22:51:27.953008'),('tyf5zm0kjlh0pj9d5ggbkpnkk3od7fgk','e30:1rDY88:rT8rndzW8Wa8FPoeaVk6DXG77XPeLDScCl0-c_JDU2k','2023-12-13 22:55:14.647071'),('u5ldgt3hpuqai4szdr1zgzvkufw8dqe4','e30:1rFiEJ:Kjp5cPRUfzC4uOyFAcMBTko366saiCkzpKdHF2dE3zY','2023-12-19 22:06:33.890393'),('ua26ex66iiqg430g9yqdzn5k93jlcdf1','.eJxVjEEOwiAQRe_C2hDAgB2X7j0DmRkGqRpISrtqvLtt0oVu33v_ryriMpe4dJnimNRVWXX6ZYT8krqL9MT6aJpbnaeR9J7ow3Z9b0net6P9OyjYy7ZGi0KMwZKjC0HwzgUEESeDYQMJMnkWToCQN3JmNoN4l9mgeCtBfb4WUzlI:1rDYAV:xT3CJOIe9iCWxG_XS43zYeoCKYigEw6mwuuz2dDOGNQ','2023-12-13 22:57:41.301311'),('uu0mxq5nhspr2gwn63axri7mkd54h3s1','e30:1rDBB4:64uaYpNHHhbBln2l8bOkS_Bjji3UOD5U-Jq5OfYQFKA','2023-12-12 22:24:44.514755'),('uv7owfaxyp7ginbkc3i3229dx0ywwm4g','.eJxVjEEOwiAQRe_C2hDAgB2X7j0DmRkGqRpISrtqvLtt0oVu33v_ryriMpe4dJnimNRVWXX6ZYT8krqL9MT6aJpbnaeR9J7ow3Z9b0net6P9OyjYy7ZGi0KMwZKjC0HwzgUEESeDYQMJMnkWToCQN3JmNoN4l9mgeCtBfb4WUzlI:1r1Mct:RptKN-i4NgMGizEEaYyWnQx_p_KZt1PYTfyCZXG0vvk','2023-11-10 09:12:27.087481'),('uvpypha5a30de0khjf8wfx0dstqcw8ci','eyJ1c2VybmFtZSI6IkthcnRoaWNrIiwiZGlzZyI6IklUIn0:1rCono:BQf27bu-HaJzTJ5donf2JFZqY9GmpS3A-1X_SY-Df1I','2023-12-11 22:31:14.187905'),('vbazuja7bc147jb4x5jogkj0f2ejatf6','.eJxVjTsOwjAQRO_iGlmx410MJT1nsPZjcADFUpxUiLuTSCmgnfdm5m0SLXNJS8tTGtScjTeH34xJnnncgD5ovFcrdZynge2m2J02e62aX5fd_Rso1MravkVFgIxdjx0QHz2C04jCpyASmDMooIceFUMfWUN0XkgosnO63pjPF9pQOCg:1r1MdY:C8vp8kmakzVVIMGffxD1ouFDEODq3wy2XxUeJBgXbnw','2023-11-10 09:13:08.148530'),('vk3y062147pcc6vzx7w5nxo52tcess8u','e30:1rEEcE:VuOYvloVLHoYHI_RwR-Gqfq_YMY_GIC7j7Cpm2IdRrI','2023-12-15 20:17:08.782206'),('vvm4h1t68h4qg1g7zsq5sdoqn3g4imom','.eJxVjLEOwiAURf-F2RDAgMXRzcHNvXnv8VqwCklpJ-O_S5Mu3W7OPfd-xVp5zvBhcRUTzEtMNImTCKmOjdyfLfewLrHfvD6FBvWRIdDEeSvCC_JYJJW8zAnlpsi9rfJRAr9vu3s4iFBjW4MGRgKn0eAFvbPGOPDMhjtFygc_oCWm4MEPjZyJVMfWDKSArWYnfn8ihkQZ:1r0hFW:bWR3UW4rtz-7p5aV2XRPdFuFllfr4u1cwrlQmWh9aNs','2023-11-08 13:01:34.763917'),('vwizlcy89o4tbnnmltq6gp03zhrto6dl','.eJxVjEEOwiAQRe_C2hDAgB2X7j0DmRkGqRpISrtqvLtt0oVu33v_ryriMpe4dJnimNRVWXX6ZYT8krqL9MT6aJpbnaeR9J7ow3Z9b0net6P9OyjYy7ZGi0KMwZKjC0HwzgUEESeDYQMJMnkWToCQN3JmNoN4l9mgeCtBfb4WUzlI:1r1McL:zITOH_JcboNvWcjUKsNgDrwo6RG6SnbLBqXcLYFZGgc','2023-11-10 09:11:53.711203'),('w19nqxvq0ijuzvtk94oc60545s5cky7w','eyJ1c2VybmFtZSI6IkthcnRoaWNrIiwiZGlzZyI6IklUIn0:1rG1Jt:ELi2MtFVle9FrYMlJw1sI8WcM7jfwG91kd0PsLyM5ck','2023-12-20 18:29:35.039091'),('w8qqcowex78g3wx4p2ry6ndc771ekeay','e30:1rFiKc:ftYerpb3n8PslM7b3i_j3kTuZW9qq5QPOYQpfzcuuD8','2023-12-19 22:13:04.628421'),('wi8eurquz0m8f7r5iahxcgeyneidyo36','.eJxVjEEOwiAQRe_C2hDAgB2X7j0DmRkGqRpISrtqvLtt0oVu33v_ryriMpe4dJnimNRVWXX6ZYT8krqL9MT6aJpbnaeR9J7ow3Z9b0net6P9OyjYy7ZGi0KMwZKjC0HwzgUEESeDYQMJMnkWToCQN3JmNoN4l9mgeCtBfb4WUzlI:1r1Mc5:0MkuQ3pdeb5E2EVewCj8X5um5iYPFVWOxmWV9M825H4','2023-11-10 09:11:37.470118'),('wiv5t776ohkny2qc8q5ze23xp4fbqrro','eyJ1c2VybmFtZSI6IkthcnRoaWNrIiwiZGlzZyI6IklUIn0:1rFFOe:o07f0FkApDN83iwmmPKFrlvc7fwLoPuV7qoRW87scMY','2023-12-18 15:19:18.314917'),('wk5o9vo3msdkdh05e4egmz6hnv3brd5s','.eJxVjLEOwiAURf-F2RDAgMXRzcHNvXnv8VqwCklpJ-O_S5MOup5z73mLHtYl9mvluU9BnIUWh1-GQBPnTYQH5LFIKnmZE8ptIndb5a0Efl727V8gQo3tDRoYCZxGgyf0zhrjwDMb7hQpH_yAlpiCBz80ciRSHVszkAK2ml2LbrkML261CeYlJpoaDamOjVzv4vMFdBJEGQ:1r1OG7:qzG4nB_1PVI0MHtSBXc9hDctIkFGIGNPZf9fZUa8_iM','2023-11-24 09:57:03.305664'),('x2ce9w97c4aew1cf8u1kg01ylq99t8gd','eyJ1c2VybmFtZSI6ImthcnRoaWNrIiwiZGlzZyI6IklUIn0:1r3cnp:FU5hHweYep-dIUZZIlNz14glpIdw8S_24Ooxb31KDlM','2023-11-30 13:53:05.087697'),('xhoz44shdw4jeoazp2udyasf1n1hmq3e','e30:1rFiLl:4uP2Ypdj7jKxIpwaDy-IowRxL5VeyGRDEOIXBA0c00k','2023-12-19 22:14:15.580674'),('xhvgqkp8zp92z3rf93uh009zukytqvl7','.eJxVjEEOwiAQRe_C2hDAgB2X7j0DmRkGqRpISrtqvLtt0oVu33v_ryriMpe4dJnimNRVWXX6ZYT8krqL9MT6aJpbnaeR9J7ow3Z9b0net6P9OyjYy7ZGi0KMwZKjC0HwzgUEESeDYQMJMnkWToCQN3JmNoN4l9mgeCtBfb4WUzlI:1rDYCb:FSLvRP2Jk4Y9IUgZ0-cPv5JYOYurxSFjHKPCstPs42w','2023-12-13 22:59:51.300629'),('xnpjale6h3i87ot7uffi3mdicfahpa86','eyJ1c2VybmFtZSI6ImthcnRoaWNrIiwiZGlzZyI6IklUIn0:1r1SXa:wDKbFR6Jj_4E9ggNzQPPqGiHs7bIQ4Ii-1mRUtCU4VM','2023-11-10 15:31:22.802173'),('xt11xezejd2m8chcb4pvn18bk96harbk','eyJ1c2VybmFtZSI6ImthcnRoaWNrIiwiZGlzZyI6IklUIn0:1r0bA9:1PXEMKdaEsiB_tmJdkJhnciMDW_U3qlk_FM_xqCWlKM','2023-11-08 06:31:37.518414'),('ym3zgz0cay5cd4vgrow55tuy9p9lj4xb','e30:1rDY6o:E7up7QNrf2dxH5yADJh7LFj4wONeNFZfZ5GGbFkgYFM','2023-12-13 22:53:52.200200'),('ywppdrpk0p441hiwv56op6tzr0kh5c30','eyJ1c2VybmFtZSI6IkthcnRoaWNrIiwiZGlzZyI6IklUIn0:1rL0tV:5KpyVtJn4tNyaA_opLUZ0aedCBPsApFY4cDKRsFMTiI','2024-01-03 13:02:59.060812'),('z8yg0g7evu7oruafioc7sqjitr2eenwz','.eJxVjEEOwiAQRe_C2hDAgB2X7j0DmRkGqRpISrtqvLtt0oVu33v_ryriMpe4dJnimNRVWXX6ZYT8krqL9MT6aJpbnaeR9J7ow3Z9b0net6P9OyjYy7ZGi0KMwZKjC0HwzgUEESeDYQMJMnkWToCQN3JmNoN4l9mgeCtBfb4WUzlI:1rDY9l:UmTtEL_577xEftl5LjAXF_ZWxqV3nt8QkWILl5LxJVk','2023-12-13 22:56:55.963267'),('zpxieej3weapr2mpx3qjvnhsq5h0myoc','e30:1rL0vK:QdOSE3ogTFa3na34qKbzcT70WGnJs1i0FsMmUafnY6M','2024-01-03 13:04:52.860674'),('zuufhun0qnn8uh83irqwx4xj9zsa66eb','.eJxVjMEOwiAQRP-FsyGAAYtHb8Z4897sLtuCtTQp7cn479Kkl94mb97MV6yF5wwji6t4wLzERIM4iZBKX8n9VXML6xLbzWtTqFAfGQINnLcivCH3k6QpL3NCuSlyb4t8ToE_t909HEQosa5BAyOB02jwgt5ZYxx4ZsONIuWD79ASU_Dgu0rORKphazpSwFazE78_CoZD-Q:1rFiSk:71E86g0snCX1MRzlgDfNkMoZH-tqNvDWERumFhof0k0','2023-12-19 22:21:28.174426'),('zwph1vyt7032cerljk5wrm2jh2bg93sv','e30:1rFiMb:iTn83PEX4cDmeysl0nqoXMMtAeV87KUtKuvwOWck_PQ','2023-12-19 22:15:07.993505');
/*!40000 ALTER TABLE `django_session` ENABLE KEYS */;
UNLOCK TABLES;

--
-- Table structure for table `timezheetapp_cred`
--

DROP TABLE IF EXISTS `timezheetapp_cred`;
/*!40101 SET @saved_cs_client     = @@character_set_client */;
/*!50503 SET character_set_client = utf8mb4 */;
CREATE TABLE `timezheetapp_cred` (
  `id` bigint NOT NULL AUTO_INCREMENT,
  `emp_id` varchar(50) NOT NULL,
  `username` varchar(50) NOT NULL,
  `password` varchar(50) NOT NULL,
  `dept` varchar(50) NOT NULL,
  PRIMARY KEY (`id`),
  UNIQUE KEY `emp_id` (`emp_id`)
) ENGINE=InnoDB AUTO_INCREMENT=2 DEFAULT CHARSET=utf8mb4 COLLATE=utf8mb4_0900_ai_ci;
/*!40101 SET character_set_client = @saved_cs_client */;

--
-- Dumping data for table `timezheetapp_cred`
--

LOCK TABLES `timezheetapp_cred` WRITE;
/*!40000 ALTER TABLE `timezheetapp_cred` DISABLE KEYS */;
INSERT INTO `timezheetapp_cred` VALUES (1,'abspl188','karthick','aura810','IT');
/*!40000 ALTER TABLE `timezheetapp_cred` ENABLE KEYS */;
UNLOCK TABLES;

--
-- Table structure for table `timezheetapp_data`
--

DROP TABLE IF EXISTS `timezheetapp_data`;
/*!40101 SET @saved_cs_client     = @@character_set_client */;
/*!50503 SET character_set_client = utf8mb4 */;
CREATE TABLE `timezheetapp_data` (
  `id` bigint NOT NULL AUTO_INCREMENT,
  `emp_id` varchar(250) DEFAULT NULL,
  `username` varchar(250) DEFAULT NULL,
  `proj` varchar(250) DEFAULT NULL,
  `pros` varchar(250) DEFAULT NULL,
  `count` varchar(250) DEFAULT NULL,
  PRIMARY KEY (`id`)
) ENGINE=InnoDB DEFAULT CHARSET=utf8mb4 COLLATE=utf8mb4_0900_ai_ci;
/*!40101 SET character_set_client = @saved_cs_client */;

--
-- Dumping data for table `timezheetapp_data`
--

LOCK TABLES `timezheetapp_data` WRITE;
/*!40000 ALTER TABLE `timezheetapp_data` DISABLE KEYS */;
/*!40000 ALTER TABLE `timezheetapp_data` ENABLE KEYS */;
UNLOCK TABLES;

--
-- Table structure for table `timezheetapp_process`
--

DROP TABLE IF EXISTS `timezheetapp_process`;
/*!40101 SET @saved_cs_client     = @@character_set_client */;
/*!50503 SET character_set_client = utf8mb4 */;
CREATE TABLE `timezheetapp_process` (
  `id` bigint NOT NULL AUTO_INCREMENT,
  `processname` varchar(250) DEFAULT NULL,
  `projectname_id` bigint DEFAULT NULL,
  PRIMARY KEY (`id`),
  KEY `timezheetapp_process_projectname_id_1b6e2398_fk_timezheet` (`projectname_id`),
  CONSTRAINT `timezheetapp_process_projectname_id_1b6e2398_fk_timezheet` FOREIGN KEY (`projectname_id`) REFERENCES `timezheetapp_project` (`id`)
) ENGINE=InnoDB AUTO_INCREMENT=11 DEFAULT CHARSET=utf8mb4 COLLATE=utf8mb4_0900_ai_ci;
/*!40101 SET character_set_client = @saved_cs_client */;

--
-- Dumping data for table `timezheetapp_process`
--

LOCK TABLES `timezheetapp_process` WRITE;
/*!40000 ALTER TABLE `timezheetapp_process` DISABLE KEYS */;
INSERT INTO `timezheetapp_process` VALUES (1,'Eyebeam Configuration',6),(2,'VPN',6),(3,'Application',6),(4,'CDR',6),(5,'Mail',6),(6,'Claims',1),(7,'Claims',2),(8,'Claims',3),(9,'Tickets',4),(10,'Pip Ticket',1);
/*!40000 ALTER TABLE `timezheetapp_process` ENABLE KEYS */;
UNLOCK TABLES;

--
-- Table structure for table `timezheetapp_project`
--

DROP TABLE IF EXISTS `timezheetapp_project`;
/*!40101 SET @saved_cs_client     = @@character_set_client */;
/*!50503 SET character_set_client = utf8mb4 */;
CREATE TABLE `timezheetapp_project` (
  `id` bigint NOT NULL AUTO_INCREMENT,
  `project` varchar(250) NOT NULL,
  PRIMARY KEY (`id`),
  UNIQUE KEY `projectname` (`project`)
) ENGINE=InnoDB AUTO_INCREMENT=7 DEFAULT CHARSET=utf8mb4 COLLATE=utf8mb4_0900_ai_ci;
/*!40101 SET character_set_client = @saved_cs_client */;

--
-- Dumping data for table `timezheetapp_project`
--

LOCK TABLES `timezheetapp_project` WRITE;
/*!40000 ALTER TABLE `timezheetapp_project` DISABLE KEYS */;
INSERT INTO `timezheetapp_project` VALUES (1,'High Point'),(5,'HR'),(2,'Humphreys Peak'),(6,'IT'),(3,'Mount Rainnier'),(4,'Mount Sunflower');
/*!40000 ALTER TABLE `timezheetapp_project` ENABLE KEYS */;
UNLOCK TABLES;
/*!40103 SET TIME_ZONE=@OLD_TIME_ZONE */;

/*!40101 SET SQL_MODE=@OLD_SQL_MODE */;
/*!40014 SET FOREIGN_KEY_CHECKS=@OLD_FOREIGN_KEY_CHECKS */;
/*!40014 SET UNIQUE_CHECKS=@OLD_UNIQUE_CHECKS */;
/*!40101 SET CHARACTER_SET_CLIENT=@OLD_CHARACTER_SET_CLIENT */;
/*!40101 SET CHARACTER_SET_RESULTS=@OLD_CHARACTER_SET_RESULTS */;
/*!40101 SET COLLATION_CONNECTION=@OLD_COLLATION_CONNECTION */;
/*!40111 SET SQL_NOTES=@OLD_SQL_NOTES */;

-- Dump completed on 2024-01-09  3:14:09
